,County,Vote Center ID,Address,City,Latitude,Longitude
0,APPLING,1012,245 INDUSTRIAL DR,BAXLEY,31.782211,-82.341237
1,APPLING,1018,3397 HATCH PKY N,BAXLEY,31.730804,-82.367855
2,APPLING,1001,392 ALTAMAHA SCHOOL RD,BAXLEY,31.8732,-82.563095
3,APPLING,1006,353 BLACKSHEAR HWY,BAXLEY,31.760393,-82.351507
4,APPLING,1002,252 W. PARKER ST.,BAXLEY,31.780104,-82.352513
5,APPLING,1024,5274 LAKE MAYERS RD.,BAXLEY,31.762215,-82.479644
6,APPLING,1008,83 S OAK ST,BAXLEY,31.775972,-82.344925
7,APPLING,1022,525 ZION BAPTIST CH. RD.,BAXLEY,31.863841,-82.179947
8,APPLING,1010,16 PRATT HUTTO RD SE,SURRENCY,31.611092,-82.23855
9,ATKINSON,2001,636 AUSTIN AVENUE E,PEARSON,31.293237,-82.842845
10,ATKINSON,2002,7191 ATKINSON BLVD. E.,AXSON,31.2765,-82.733274
11,ATKINSON,2012,786 AUSTIN AVENUE EAST,PEARSON,31.291999,-82.841902
12,ATKINSON,2005,33 FLEETWOOD AVENUE,WILLACOOCHEE,31.340494,-83.047438
13,BACON,3002,232 WEST 12TH STREET,ALMA,31.541619,-82.463157
14,BAKER,4001,100 GA HWY 200,LEARY,31.295163,-84.634329
15,BAKER,4004,1694 JERICHO RD,NEWTON,31.345666,-84.472967
16,BAKER,4005,5600 HOGGARDS MILL RD,COLQUITT,31.21322,-84.475345
17,BAKER,4006,1512 PATMOS MILFORD HWY,LEARY,31.381814,-84.544445
18,BAKER,4002,279 W. BROAD STREET,NEWTON,31.31502,-84.343531
19,BALDWIN,5001,121 N WILKINSON ST,MILLEDGEVILLE,33.0813,-83.228564
20,BALDWIN,5002,127 E HANCOCK ST,MILLEDGEVILLE,33.081249,-83.225882
21,BALDWIN,5003,252 COOPERS RD SW,MILLEDGEVILLE,32.978754,-83.285303
22,BALDWIN,5015,751 DUNLAP RD NE,MILLEDGEVILLE,33.112088,-83.244931
23,BALDWIN,5006,207 LOVERS LN NE,MILLEDGEVILLE,33.094374,-83.146719
24,BALDWIN,5005,201 W THOMAS ST,MILLEDGEVILLE,33.085266,-83.230403
25,BALDWIN,5009,1340 ORCHARD HILL RD,MILLEDGEVILLE,33.101011,-83.225862
26,BALDWIN,5010,124 THOMAS ST SE,MILLEDGEVILLE,33.053613,-83.228622
27,BALDWIN,5011,312 ALLEN MEMORIAL DR SW,MILLEDGEVILLE,33.055012,-83.246415
28,BALDWIN,5012,781 GA HIGHWAY 212 W,MILLEDGEVILLE,33.153919,-83.34662
29,BALDWIN,5004,184 LOG CABIN RD NE,MILLEDGEVILLE,33.151976,-83.260323
30,BALDWIN,5013,164 GORDON HWY SW,MILLEDGEVILLE,33.015911,-83.237892
31,BALDWIN,5014,59 GA HIGHWAY 22 W,MILLEDGEVILLE,33.096352,-83.275296
32,BALDWIN,5007,418 GA HIGHWAY 22 W,MILLEDGEVILLE,33.072358,-83.346925
33,BANKS,6009,747 ROCK SPRINGS RD,LULA,34.404063,-83.545712
34,BANKS,6009,747 ROCK SPRINGS RD,LULA,34.404063,-83.545712
35,BANKS,6024,1702 GROVE LEVEL ROAD,MAYSVILLE,34.284049,-83.522567
36,BANKS,6024,1702 GROVE LEVEL ROAD,MAYSVILLE,34.284049,-83.522567
37,BANKS,6002,943 HISTORIC HOMER HWY,HOMER,34.334088,-83.497676
38,BANKS,6002,943 HISTORIC HOMER HWY,HOMER,34.334088,-83.497676
39,BANKS,6016,3247 HWY 105,BALDWIN,34.455228,-83.431294
40,BANKS,6016,3247 HWY 105,BALDWIN,34.455228,-83.431294
41,BANKS,6016,3247 HWY 105,BALDWIN,34.455228,-83.431294
42,BANKS,6025,2743 HIGHWAY 51 N,HOMER,34.372333,-83.406213
43,BANKS,6025,2743 HIGHWAY 51 N,HOMER,34.372333,-83.406213
44,BANKS,6008,2170 HWY 59,COMMERCE,34.283129,-83.415986
45,BANKS,6008,2170 HWY 59,COMMERCE,34.283129,-83.415986
46,BARROW,7028,1054 OLD THOMPSON MILL RD,HOSCHTON,34.064589,-83.784045
47,BARROW,7024,750 MANGER AVE,BETHLEHEM,33.932854,-83.713197
48,BARROW,7020,115 PATRICK MILL RD SW,WINDER,33.985299,-83.779492
49,BARROW,7012,1625 BETHLEHEM RD,STATHAM,33.96009,-83.603565
50,BARROW,7029,625 JEFFERSON HWY,WINDER,34.015484,-83.691325
51,BARROW,7002,1622 UNION GROVE CHURCH RD,AUBURN,34.037897,-83.848571
52,BARROW,7022,546 TREADWELL RD,BETHLEHEM,33.950099,-83.727286
53,BARROW,7017,113 E ATHENS ST,WINDER,33.990244,-83.719509
54,BARTOW,8003,6503 GLADE RD,ACWORTH,34.112024,-84.681072
55,BARTOW,8030,20 PARMENTER ST,CARTERSVILLE,34.180571,-84.821985
56,BARTOW,8005,33 BEAVERS DRIVE,CARTERSVILLE,34.237695,-84.867887
57,BARTOW,8006,435 WEST MAIN STREET,CARTERSVILLE,34.162951,-84.810986
58,BARTOW,8031,1663 CASSVILLE RD NW,CARTERSVILLE,34.244403,-84.853192
59,BARTOW,8008,684 CENTER RD,CARTERSVILLE,34.199742,-84.743476
60,BARTOW,8016,122 WEST MAIN STREET,CARTERSVILLE,34.164194,-84.797361
61,BARTOW,8029,585 OLD ALABAMA RD,CARTERSVILLE,34.114829,-84.813695
62,BARTOW,8009,700 HWY 293,EMERSON,34.126541,-84.756837
63,BARTOW,8010,30 BURGE`S MILL RD,EUHARLEE,34.201217,-84.811097
64,BARTOW,8011,2124 STATE ROUTE 140,ADAIRSVILLE,34.381959,-84.842336
65,BARTOW,8012,30 WEST MAIN STREET,KINGSTON,34.236207,-84.947683
66,BARTOW,8025,163B MANNING MILL RD,ADAIRSVILLE,34.343308,-84.903666
67,BARTOW,8026,189 OLIVE VINE CHURCH RD,RYDAL,34.338857,-84.73535
68,BARTOW,8019,11 EUHARLEE STREET,TAYLORSVILLE,34.086483,-84.988184
69,BARTOW,8028,3411 HIGHWAY 411 NE,WHITE,34.2832,-84.743897
70,BARTOW,8023,102 ZENA DRIVE,CARTERSVILLE,34.191754,-84.778187
71,BEN HILL,9001,602 S. GRANT ST,FITZGERALD,31.708931,-83.252449
72,BEN HILL,9004,602 S. GRANT ST,FITZGERALD,31.708931,-83.252449
73,BERRIEN,10012,516-A COUNTY FARM ROAD,NASHVILLE,31.191827,-83.264799
74,BERRIEN,10003,112 N.W. RAILROAD ST,ALAPAHA,31.381898,-83.225029
75,BERRIEN,10005,569 MAIN ST,ENIGMA,31.409077,-83.329686
76,BERRIEN,10004,8151 MAIN ST,RAY CITY,31.075193,-83.197492
77,BERRIEN,10016,11062 GA - HWY 125,LENOX,31.315386,-83.372191
78,BIBB,11120,1646 UPPER RIVER RD,MACON,32.866196,-83.621114
79,BIBB,11108,1536 MLK BLVD,MACON,32.821464,-83.636859
80,BIBB,11101,1010 NEWBERG AVE,MACON,32.801571,-83.657511
81,BIBB,11014,3660 HOUSTON AVE,MACON,32.798638,-83.651176
82,BIBB,11102,4543 BLOOMFIELD RD,MACON,32.810311,-83.705922
83,BIBB,11100,1780 ANTHONY RD,MACON,32.818654,-83.671457
84,BIBB,11104,2306 VINEVILLE AVE,MACON,32.845229,-83.656249
85,BIBB,11114,1217 FOREST HILL RD,MACON,32.890368,-83.698309
86,BIBB,11111,3805 NAPIER AVE,MACON,32.853136,-83.687408
87,BIBB,11004,4041 MUMFORD RD,MACON,32.847232,-83.691404
88,BIBB,11044,2254 ROCKY CREEK RD.,MACON,32.783708,-83.694414
89,BIBB,11113,5645 FORSYTH RD,MACON,32.89062,-83.747415
90,BIBB,11021,100 CLUBHOUSE RD,MACON,32.861103,-83.772402
91,BIBB,11023,2950 S LIZELLA RD,LIZELLA,32.804555,-83.819965
92,BIBB,11118,390 PIERCE AVE,MACON,32.853376,-83.663055
93,BIBB,11112,5399 HARTLEY BRIDGE RD,MACON,32.73063,-83.743901
94,BIBB,11116,640 WIMBISH RD,MACON,32.87862,-83.686278
95,BIBB,11025,100 UNIVERSITY PKWY,MACON,32.810925,-83.732178
96,BIBB,11029,6751 HOUSTON RD,MACON,32.718403,-83.68981
97,BIBB,11042,3003 TRUITT PL.,MACON,32.869594,-83.569431
98,BIBB,11110,158 LAMAR RD,MACON,32.857664,-83.785627
99,BIBB,11036,565 WIMBISH RD,MACON,32.874174,-83.6876
100,BIBB,11054,5024 NORTHSIDE DR,MACON,32.903197,-83.721046
101,BIBB,11002,5915 ZEBULON RD,MACON,32.88217,-83.757165
102,BIBB,11038,2910 ALLEN RD.,MACON,32.741002,-83.673905
103,BIBB,11105,2003 RIVERSIDE DR,MACON,32.855903,-83.644847
104,BIBB,11006,175 EMERY HWY.,MACON,32.848058,-83.625276
105,BIBB,11027,432 FOREST HILL RD,MACON,32.86853,-83.691577
106,BIBB,11119,1211 SHURLING DR,MACON,32.859086,-83.603124
107,BIBB,11115,4354 JEFFERSONVILLE RD,MACON,32.831277,-83.537234
108,BIBB,11024,1415 BASS RD,MACON,32.921508,-83.737884
109,BLECKLEY,12002,290 ASH STREET,COCHRAN,32.400893,-83.346991
110,BRANTLEY,13006,235 CHICAGO AVE,HOBOKEN,31.185457,-82.130775
111,BRANTLEY,13003,789 BURTON ST,NAHUNTA,31.206849,-81.986509
112,BRANTLEY,13010,25530 HWY 82,WAYNESVILLE,31.229761,-81.783873
113,BROOKS,14011,190 MASSEY ST,BARWICK,30.889172,-83.735633
114,BROOKS,14007,5110 DIXIE ROAD,DIXIE,30.784938,-83.667286
115,BROOKS,14008,1290 CATES RD,VALDOSTA,30.870145,-83.408226
116,BROOKS,14009,178 2ND ST,MORVEN,30.942749,-83.49839
117,BROOKS,14001,400 E COURTLAND AVE,QUITMAN,30.797527,-83.556656
118,BROOKS,14010,7246 MADISON HWY,QUITMAN,30.725495,-83.522901
119,BROOKS,14003,128 HARRIS ST,PAVO,30.959732,-83.735744
120,BRYAN,15007,8810 HIGHWAY 280 E,BLACK CREEK,0,0
121,BRYAN,15013,66 CAPT MATTHEW FREEMAN,RICHMOND HILL,31.881148,-81.259823
122,BRYAN,15011,580 DANIELSIDING LOOP RD,RICHMOND HILL,31.913007,-81.363367
123,BRYAN,15002,9184 FORD AVENUE,RICHMOND HILL,31.95511,-81.322267
124,BRYAN,15020,91 LANIER ST,PEMBROKE,32.133911,-81.620383
125,BRYAN,15003,4060 WILMA EDWARDS RD,ELLABELL,32.173037,-81.514029
126,BRYAN,15005,500 CEDAR ST,RICHMOND HILL,33.463368,-81.9465
127,BRYAN,15010,16252 GA HWY 144,RICHMOND HILL,31.874879,-81.261462
128,BRYAN,15015,1955 SGT MICHAEL W LARSON DR,RICHMOND HILL,31.917764,-81.354565
129,BRYAN,15022,508 TIMBER TRAIL,RICHMOND HILL,31.92696,-81.304473
130,BULLOCH,16013,351 NORTH GRADY STREET,PORTAL,32.544362,-81.925515
131,BULLOCH,16002,5023 CLITO RD,STATESBORO,32.477036,-81.670135
132,BULLOCH,16001,63 LANIER RD,PEMBROKE,32.234955,-81.613814
133,BULLOCH,16004,416 NORTH CROMLEY ROAD,BROOKLET,32.389332,-81.662185
134,BULLOCH,16008,3023 HARVILLE ROAD,STATESBORO,32.338205,-81.773994
135,BULLOCH,16009,16942 US HWY 67,STATESBORO,32.394215,-81.752889
136,BULLOCH,16019,300 LEE AVE,BROOKLET,32.420482,-81.614226
137,BULLOCH,16003,4508 ROCKYFORD RD,PORTAL,32.594157,-81.874974
138,BULLOCH,16007,1757 METTS RD,STATESBORO,32.547995,-81.808794
139,BULLOCH,16010,8438 NEVILS GROVELAN ROAD,PEMBROKE,32.268295,-81.759859
140,BULLOCH,16018,1102 FAIR RD,STATESBORO,32.425057,-81.774761
141,BULLOCH,16006,10 CHURCH STREET,REGISTER,32.367236,-81.882006
142,BULLOCH,16015,4 SOUTH ZETTEROWER AVE,STATESBORO,32.448603,-81.777507
143,BULLOCH,16016,16894 HWY 119 CONN,BROOKLET,32.325398,-81.550096
144,BULLOCH,16011,1934 UNION CHURCH RD,REGISTER,32.284656,-81.835176
145,BULLOCH,16017,150 WILLIAMS ROAD,STATESBORO,32.459261,-81.794626
146,BURKE,17022,715 W 6TH ST,WAYNESBORO,33.085694,-82.031084
147,BURKE,17001,208 GA HIGHWAY 24 S,WAYNESBORO,33.085827,-82.040175
148,BURKE,17024,717 W 6TH,WAYNESBORO,33.085688,-82.031117
149,BURKE,17006,4627 GA HIGHWAY 24 S,SARDIS,33.018998,-81.86497
150,BURKE,17007,5289 GA HIGHWAY 23 S,WAYNESBORO,33.109692,-81.848697
151,BURKE,17008,1593 SPRING BRANCH CHURCH ROAD,WAYNESBORO,33.165322,-81.940748
152,BURKE,17010,9987 GA HIGHWAY 305,KEYSVILLE,33.098682,-82.22788
153,BURKE,17012,6340 GA HIGHWAY 56 S,MILLEN,32.942837,-82.143842
154,BURKE,17013,4595 ALEXANDER-MUNNERLYN ROAD,WAYNESBORO,33.019758,-81.879004
155,BURKE,17002,2458 GOUGH RED HILL RD,KEYSVILLE,33.135364,-82.121306
156,BURKE,17014,150 B BRIGHAM LANDING RD,GIRARD,33.052352,-81.705548
157,BURKE,17011,2973 WINTER ROAD,BLYTHE,33.210542,-82.13465
158,BURKE,17015,196 KILPATRICK STREET,MIDVILLE,32.819998,-82.237771
159,BURKE,17017,1209 ELLISON BRIDGE RD.,SARDIS,32.966898,-81.759119
160,BURKE,17018,7052 GA HIGHWAY 24 W,WAYNESBORO,33.038457,-82.244607
161,BURKE,17009,480 MARTIN LUTHER KING DRIVE,KEYSVILLE,33.240149,-82.220132
162,BUTTS,18012,625 W THIRD ST,JACKSON,33.293471,-83.973079
163,CALHOUN,19001,28007 MAIN ST,MORGAN,31.537814,-84.612078
164,CALHOUN,19007,326 MLK JR DR,ARLINGTON,31.441032,-84.726817
165,CALHOUN,19002,4411 E MAIN ST,LEARY,31.485403,-84.513049
166,CALHOUN,19011,460 TURNER ST,EDISON,31.555372,-84.738245
167,CALHOUN,19012,460 TURNER ST,EDISON,31.555372,-84.738245
168,CAMDEN,20002,10600 COLERAIN ROAD,SAINT MARYS,30.7812,-81.594993
169,CAMDEN,20002,10600 COLERAIN ROAD,SAINT MARYS,30.7812,-81.594993
170,CAMDEN,20035,333 SOUTH ASHLEY STREET,KINGSLAND,30.791236,-81.682742
171,CAMDEN,20009,531 NORTH LEE STREET,KINGSLAND,30.806636,-81.691008
172,CAMDEN,20006,7354 HARRIETTS BLUFF RD,WOODBINE,30.873031,-81.592855
173,CAMDEN,20001,140 COLERAIN ROAD,KINGSLAND,30.81101,-81.745885
174,CAMDEN,20001,140 COLERAIN ROAD,KINGSLAND,30.81101,-81.745885
175,CAMDEN,20013,1946 SPRING BLUFF ROAD,WAVERLY,31.082402,-81.622796
176,CAMDEN,20037,1050 WILDCAT DR,KINGSLAND,30.814638,-81.64758
177,CAMDEN,20060,101 PINE STREET,ST. MARYS,30.759225,-81.575763
178,CAMDEN,20052,400 OSBORNE ST,SAINT MARYS,30.724815,-81.547296
179,CAMDEN,20011,377 NEW POST RD,WHITE OAK,31.023158,-81.806114
180,CAMDEN,20010,101 MILLER STREET,SAINT MARYS,30.745411,-81.56287
181,CAMDEN,20014,310 BEDELL AVENUE,WOODBINE,30.96795,-81.724
182,CANDLER,21002,621 W PINE STREET,METTER,32.391531,-82.071237
183,CANDLER,21002,621 W PINE STREET,METTER,32.391531,-82.071237
184,CANDLER,21002,621 W PINE STREET,METTER,32.391531,-82.071237
185,CANDLER,21002,621 W PINE STREET,METTER,32.391531,-82.071237
186,CARROLL,22002,2868 CARROLLTON VR HWY,CARROLLTON,33.666261,-85.037319
187,CARROLL,22003,167 WEST AVE,CARROLLTON,33.596632,-84.969618
188,CARROLL,22005,101 BARR AVE,BOWDON,33.529145,-85.252929
189,CARROLL,22006,2176 CENTER POINT RD,TEMPLE,33.68573,-85.061819
190,CARROLL,22017,2675 S HIGHWAY 16,CARROLLTON,33.533358,-85.012645
191,CARROLL,22008,155 GA HIGHWAY 113,CARROLLTON,33.605176,-85.077043
192,CARROLL,22009,6230 LAKEVIEW PARKWAY,VILLA RICA,33.650498,-84.905264
193,CARROLL,22012,646 INDUSTRIAL BLVD,VILLA RICA,33.747821,-84.937565
194,CARROLL,22026,2965 N HIGHWAY 100,WACO,33.623532,-85.268937
195,CARROLL,22014,116 LUMPKIN DR,CARROLLTON,33.599926,-85.061158
196,CARROLL,22015,4585 E HIGHWAY 166,CARROLLTON,33.612945,-84.935421
197,CARROLL,22016,3915 CTON VILLA RICA HWY,VILLA RICA,33.793877,-84.893865
198,CARROLL,22004,4685 N HIGHWAY 27,CARROLLTON,33.673046,-85.149274
199,CARROLL,22018,4455 MOUNT ZION RD,MT ZION,33.634258,-85.185065
200,CARROLL,22007,710 ROME ST,CARROLLTON,33.58539,-85.075046
201,CARROLL,22021,2829 OAK GROVE CHURCH RD,CARROLLTON,33.525508,-85.086631
202,CARROLL,22022,77 OLD CAMP CHURCH RD,CARROLLTON,33.55719,-85.135223
203,CARROLL,22023,524 LESLIE DR,VILLA RICA,33.727433,-84.929734
204,CARROLL,22024,835 N. HIGHWAY 27,ROOPVILLE,33.474687,-85.107538
205,CARROLL,22025,1874 BURWELL RD,CARROLLTON,33.579034,-85.205422
206,CARROLL,22027,245 COTTAGE HILL RD,CARROLLTON,33.554334,-85.081776
207,CARROLL,22034,280 ROME ST,TEMPLE,33.740731,-85.031506
208,CARROLL,22035,280 ROME ST,TEMPLE,33.740731,-85.031506
209,CARROLL,22029,4514 TYUS CARROLLTON RD,CARROLLTON,33.468705,-85.195737
210,CARROLL,22031,00 Z 6 FOOD SERVICE BLD,CARROLLTON,33.604458,-85.04987
211,CARROLL,22013,1605 CTON VILLA RICA HWY,VILLA RICA,33.689847,-84.947308
212,CARROLL,22030,425 WILLIE NORTH DR,CARROLLTON,33.584436,-85.086528
213,CARROLL,22032,50 BOOSTER FIELD RD,WHITESBURG,33.501263,-84.922229
214,CATOOSA,23001,773 GORDY CIR,TUNNEL HILL,34.880285,-85.053899
215,CATOOSA,23002,4057 BOYNTON DR,RINGGOLD,34.922665,-85.18744
216,CATOOSA,23003,2803 KEITH RD,RINGGOLD,34.928885,-85.031559
217,CATOOSA,23004,4346 LONG HOLLOW RD,ROCK SPRING,34.870262,-85.229048
218,CATOOSA,23006,205 FORREST RD,FT OGLETHORPE,34.949079,-85.255681
219,CATOOSA,23007,967 GRAYSVILLE RD,RINGGOLD,34.970564,-85.156762
220,CATOOSA,23008,452 HUDSON ST,ROSSVILLE,34.973248,-85.259128
221,CATOOSA,23009,470 ROLLINS INDUSTRIAL COURT,RINGGOLD,34.898045,-85.12048
222,CATOOSA,23010,5238 EVITT ST,RINGGOLD,34.915487,-85.106602
223,CATOOSA,23011,3319 LAKEVIEW DR,ROSSVILLE,34.961518,-85.225175
224,CATOOSA,23012,36 E NICKAJACK RD,RINGGOLD,34.804495,-85.147703
225,CHARLTON,24001,34438 OKEFENOKEE DRIVE,FOLKSTON,30.799069,-82.031388
226,CHARLTON,24002,2561 HIGHWAY 121,ST. GEORGE,30.395239,-82.122218
227,CHARLTON,24004,541 FIRST ST,FOLKSTON,30.831965,-82.007643
228,CHARLTON,24006,97 RAILROAD STREET,FOLKSTON,30.830512,-82.008354
229,CHARLTON,24007,387 PENNSYLVANIA AVENUE,HOMELAND,0,0
230,CHARLTON,24009,3562 CARTER COMMUNITY ROAD,FOLKSTON,30.966764,-82.113238
231,CHARLTON,24010,13063 FLORIDA AVENUE,ST. GEORGE,30.523215,-82.037393
232,CHARLTON,24011,18829 HIGHWAY 301,FOLKSTON,31.040379,-82.020135
233,CHATHAM,25005,207 E MONTGOMERY CROSSROADS,SAVANNAH,31.996077,-81.11689
234,CHATHAM,25006,3001 HOPKINS ST,SAVANNAH,32.053669,-81.117693
235,CHATHAM,25008,4700 SKIDAWAY ROAD,SAVANNAH,32.024674,-81.070862
236,CHATHAM,25009,202 E MOORE STREET,BLOOMINGDALE,32.129946,-81.298428
237,CHATHAM,25089,78 VAN HORN DR,TYBEE ISLAND,32.023517,-80.849962
238,CHATHAM,25012,1909 CYNTHIA ST,SAVANNAH,32.064134,-81.126652
239,CHATHAM,25013,603 WEST VICTORY DR,SAVANNAH,32.05405,-81.108675
240,CHATHAM,25082,905 COLLAT ST,SAVANNAH,32.072677,-81.126728
241,CHATHAM,25021,632 STEPHENSON AVENUE,SAVANNAH,32.010977,-81.100923
242,CHATHAM,25069,1805 E GWINNETT ST,SAVANNAH,32.058952,-81.066243
243,CHATHAM,25080,1023 DUTCHTOWN RD,SAVANNAH,31.98894,-81.160176
244,CHATHAM,25138,1601 BENTON BLVD,SAVANNAH,32.156331,-81.242592
245,CHATHAM,25015,301 W OGLETHORPE AVE,SAVANNAH,32.076444,-81.096681
246,CHATHAM,25110,275 BERWICK BLVD,SAVANNAH,32.034699,-81.230329
247,CHATHAM,25134,2 CANEBRAKE RD,SAVANNAH,31.99877,-81.270764
248,CHATHAM,25035,81 COFFEE BLUFF VILLA RD,SAVANNAH,31.945634,-81.149298
249,CHATHAM,25061,2 LAURA ST,SAVANNAH,32.066755,-81.05032
250,CHATHAM,25019,2 LAURA ST,SAVANNAH,32.066755,-81.05032
251,CHATHAM,25020,183 WILSHIRE BLVD,SAVANNAH,31.98381,-81.137135
252,CHATHAM,25031,1402 HARMON ST,SAVANNAH,32.058356,-81.083979
253,CHATHAM,25022,10050 FERGUSON AVENUE,SAVANNAH,31.952584,-81.103114
254,CHATHAM,25023,402 TREAT ST,SAVANNAH,32.05952,-81.055994
255,CHATHAM,25028,35 NELSON AVE,GARDEN CITY,32.111824,-81.151596
256,CHATHAM,25055,204 US HIGHWAY 80,POOLER,32.117393,-81.249959
257,CHATHAM,25024,6613 JOHNNY MERCER BLVD,SAVANNAH,32.017954,-80.975458
258,CHATHAM,25025,520 WASHINGTON AVE,SAVANNAH,32.046898,-81.09078
259,CHATHAM,25027,78 VARNEDOE AVENUE,GARDEN CITY,32.112201,-81.15752
260,CHATHAM,25029,1516 KING GEORGE BLVD,SAVANNAH,31.975685,-81.228932
261,CHATHAM,25033,6412 WATERS AVENUE,SAVANNAH,32.011755,-81.097881
262,CHATHAM,25011,14 W ANDERSON ST,SAVANNAH,32.062878,-81.098754
263,CHATHAM,25037,622 EAST 37TH ST,SAVANNAH,32.055103,-81.091715
264,CHATHAM,25039,7375 HODGSON MEMORIAL DR,SAVANNAH,32.000344,-81.114339
265,CHATHAM,25041,4601 US HIGHWAY 80 E,SAVANNAH,32.042288,-81.012606
266,CHATHAM,25040,169 WHITEMARSH ISLAND RD,SAVANNAH,32.037295,-81.007048
267,CHATHAM,25042,22 ROSE AVENUE,SAVANNAH,31.980434,-81.059062
268,CHATHAM,25044,5111 ABERCORN ST,SAVANNAH,32.030213,-81.10899
269,CHATHAM,25045,1800 EAST DERENNE AVE,SAVANNAH,32.023875,-81.082936
270,CHATHAM,25059,5201 MONTGOMERY ST,SAVANNAH,32.032638,-81.114213
271,CHATHAM,25056,1000 LAKE SHORE BLVD,PORT WENTWORTH,0,0
272,CHATHAM,25046,430 TIBET AVE,SAVANNAH,31.994275,-81.142499
273,CHATHAM,25048,1401 MILLS B LANE BLVD,SAVANNAH,32.050539,-81.128708
274,CHATHAM,25054,401 QUARTERMAN RD,SAVANNAH,32.03299,-80.972987
275,CHATHAM,25223,175 BOURNE AVE,SAVANNAH,32.1153,-81.236346
276,CHATHAM,25050,1410 RICHARDS ST,SAVANNAH,32.085378,-81.117611
277,CHATHAM,25111,5100 LA ROCHE AVE,SAVANNAH,32.020168,-81.067781
278,CHATHAM,25001,2023 TENNESSEE AVE,SAVANNAH,32.050799,-81.063691
279,CHATHAM,25135,7202 CENTRAL AVE,SAVANNAH,31.997148,-81.077831
280,CHATHAM,25053,124 BULL ST,SAVANNAH,32.077586,-81.091619
281,CHATHAM,25057,101 TURNBERRY ST,PORT WENTWORTH,0,0
282,CHATHAM,25107,100 COMMERCE CT,POOLER,32.091636,-81.257322
283,CHATHAM,25222,900 S ROGERS ST,POOLER,32.108092,-81.251419
284,CHATHAM,25058,5321 OGEECHEE ROAD,SAVANNAH,32.040779,-81.202484
285,CHATHAM,25060,112 FELL ST,SAVANNAH,32.087505,-81.120248
286,CHATHAM,25218,100 MULBERRY ST,PORT WENTWORTH,34.044553,-83.716837
287,CHATHAM,25078,939 WHEATON ST,SAVANNAH,32.066074,-81.080087
288,CHATHAM,25064,216 E ROTHWELL STREET,POOLER,32.118228,-81.245219
289,CHATHAM,25043,2 SAINT THOMAS AVE,SAVANNAH,31.983662,-81.057753
290,CHATHAM,25066,1599 CHATHAM PARKWAY,GARDEN CITY,32.074533,-81.161682
291,CHATHAM,25067,400 PENNSYLVANIA AVENUE,SAVANNAH,32.06268,-81.05612
292,CHATHAM,25077,707 LITTLE NECK ROAD,SAVANNAH,32.017024,-81.264648
293,CHATHAM,25076,309 TIBET AVE,SAVANNAH,31.990231,-81.136436
294,CHATHAM,25137,1950 CHATHAM PARKWAY,SAVANNAH,32.043886,-81.16344
295,CHATHAM,25068,3025 BULL ST,SAVANNAH,32.049666,-81.104224
296,CHATHAM,25052,4929 PINELAND DR,SAVANNAH,32.044739,-81.191937
297,CHATHAM,25070,50 DIAMOND CAUSEWAY,SAVANNAH,31.94206,-81.056702
298,CHATHAM,25071,54 DIAMOND CAUSEWAY,SAVANNAH,31.941516,-81.055049
299,CHATHAM,25072,52 DIAMOND CAUSEWAY,SAVANNAH,31.937158,-81.052083
300,CHATHAM,25074,5502 SKIDAWAY RD,SAVANNAH,32.017021,-81.07521
301,CHATHAM,25112,1381 DEAN FOREST RD,SAVANNAH,32.05951,-81.20972
302,CHATHAM,25007,9114 WHITEFIELD AVE,SAVANNAH,31.979573,-81.105106
303,CHATHAM,25079,3 WESTRIDGE RD,SAVANNAH,31.940445,-81.049982
304,CHATHAM,25081,590 WALTHOUR RD,SAVANNAH,32.010995,-80.958105
305,CHATHAM,25073,5100 WATERS AVE,SAVANNAH,32.029253,-81.091454
306,CHATHAM,25063,20 E GORDON ST,SAVANNAH,32.071,-81.094084
307,CHATHAM,25016,5411 SKIDAWAY RD,SAVANNAH,32.018916,-81.075837
308,CHATHAM,25084,8511 WATERS AVE,SAVANNAH,31.990133,-81.106221
309,CHATHAM,25083,3000 BEE RD,SAVANNAH,32.041502,-81.076068
310,CHATHAM,25017,8912 WHITEFIELD AVENUE,SAVANNAH,31.982626,-81.103825
311,CHATHAM,25085,2821 RIVER DR,THUNDERBOLT,32.031871,-81.050661
312,CHATHAM,25088,2323 OGEECHEE RD,SAVANNAH,32.058397,-81.115262
313,CHATHAM,25101,12391 MERCY BLVD,SAVANNAH,31.98078,-81.154293
314,CHATHAM,25213,204 FIFTH ST,TYBEE ISLAND,32.011601,-80.845396
315,CHATHAM,25091,909 EAST BOLTON ST,SAVANNAH,32.062632,-81.08265
316,CHATHAM,25092,1110 MAY ST,SAVANNAH,32.066346,-81.104917
317,CHATHAM,25038,10710 WHITE BLUFF RD,SAVANNAH,31.985439,-81.128905
318,CHATHAM,25096,1900 LINCOLN STREET,SAVANNAH,32.057306,-81.095774
319,CHATHAM,25098,450 NORTH CROMWELL RD,SAVANNAH,32.005672,-80.98855
320,CHATHAM,25049,195 WILMINGTON ISLAND RD,SAVANNAH,32.006549,-80.987703
321,CHATHAM,25099,12521 WHITE BLUFF RD,SAVANNAH,31.97205,-81.134213
322,CHATHAM,25100,302 BRIARCLIFF CIRCLE,SAVANNAH,31.97475,-81.140741
323,CHATHAM,25102,407 TALMADGE AVENUE,GARDEN CITY,32.093075,-81.1764
324,CHATHAM,25087,50 COACH JOE TURNER RD,SAVANNAH,32.095673,-81.138361
325,CHATTAHOOCHEE,26001,127 INDUSTRIAL PARK RD,CUSSETA,32.089202,-84.679259
326,CHATTOOGA,27001,44 HIGHWAY 48,SUMMERVILLE,34.477835,-85.350121
327,CHATTOOGA,27004,4868 HAYWOOD VALLEY RD,ARMUCHEE,34.456726,-85.185572
328,CHATTOOGA,27005,9 GORE FIRE HALL RD,SUMMERVILLE,34.460768,-85.258161
329,CHATTOOGA,27008,71 EDISON ST,MENLO,34.487425,-85.48193
330,CHATTOOGA,27003,71 EDISON ST,MENLO,34.487425,-85.48193
331,CHATTOOGA,27006,6086 HIGHWAY 114,LYERLY,34.405345,-85.405574
332,CHATTOOGA,27009,6086 HIGHWAY 114,LYERLY,34.405345,-85.405574
333,CHATTOOGA,27016,6086 HIGHWAY 114,LYERLY,34.405345,-85.405574
334,CHATTOOGA,27002,6086 HIGHWAY 114,LYERLY,34.405345,-85.405574
335,CHATTOOGA,27011,35 SUBLIGNA BAPTIST CHURCH RD,SUMMERVILLE,34.557458,-85.186134
336,CHATTOOGA,27015,90 DALTON ST,TRION,34.544419,-85.313439
337,CHATTOOGA,27013,90 DALTON ST,TRION,34.544419,-85.313439
338,CHATTOOGA,27010,90 DALTON ST,TRION,34.544419,-85.313439
339,CHEROKEE,28088,232 ARNOLD MILL RD,WOODSTOCK,34.100303,-84.509352
340,CHEROKEE,28049,710 ARNOLD MILL RD,WOODSTOCK,34.108359,-84.43838
341,CHEROKEE,28002,3045 CANTON HWY,BALL GROUND,34.340761,-84.381397
342,CHEROKEE,28003,1335 WYNGATE PKWY,WOODSTOCK,34.130192,-84.577239
343,CHEROKEE,28052,137 HIGHTOWER RD,BALL GROUND,34.259938,-84.323986
344,CHEROKEE,28052,137 HIGHTOWER RD,BALL GROUND,34.259938,-84.323986
345,CHEROKEE,28200,110 ACADEMY ST,CANTON,34.235765,-84.492202
346,CHEROKEE,28054,2275 BASCOMB CARMEL RD,WOODSTOCK,34.096576,-84.570281
347,CHEROKEE,28143,1001 UNIVETER RD,CANTON,34.194573,-84.494919
348,CHEROKEE,28066,3219 HUNT RD,ACWORTH,34.088394,-84.641808
349,CHEROKEE,28058,6550 PUTNAM FORD DR,WOODSTOCK,34.117844,-84.561525
350,CHEROKEE,28059,9081 FINCHER RD,WALESKA,34.315662,-84.554602
351,CHEROKEE,28137,1190 EVENFLO DR,BALL GROUND,34.290522,-84.423418
352,CHEROKEE,28202,1 MISSION PT,CANTON,34.269772,-84.48501
353,CHEROKEE,28019,1208 ROSE CREEK DR,WOODSTOCK,34.115054,-84.56891
354,CHEROKEE,28020,311 GOSHEN CHURCH WAY,WALESKA,34.397522,-84.589854
355,CHEROKEE,28203,2510 EAST CHEROKEE DR,WOODSTOCK,34.162377,-84.424788
356,CHEROKEE,28022,2755 EAST CHEROKEE DR,CANTON,34.17111,-84.423487
357,CHEROKEE,28133,4056 EAST CHEROKEE DRIVE,CANTON,34.184386,-84.419993
358,CHEROKEE,28068,4474 TOWNE LAKE PKWY,WOODSTOCK,34.129452,-84.570747
359,CHEROKEE,28025,1965 HICKORY RD,CANTON,34.172461,-84.471944
360,CHEROKEE,28070,3235 HOLLY SPRINGS PKWY,HOLLY SPRINGS,34.195678,-83.613391
361,CHEROKEE,28134,78 RIDGE ROAD,CANTON,34.173023,-84.556228
362,CHEROKEE,28134,78 RIDGE ROAD,CANTON,34.173023,-84.556228
363,CHEROKEE,28071,2031 EAST CHEROKEE DR,WOODSTOCK,34.131661,-84.493627
364,CHEROKEE,28139,10500 BELLS FERRY RD,CANTON,34.192801,-84.537443
365,CHEROKEE,28072,3170 TRICKUM RD,WOODSTOCK,34.105259,-84.474089
366,CHEROKEE,28073,10370 EAST CHEROKEE DR,CANTON,34.249228,-84.357575
367,CHEROKEE,28079,442 ARNOLD MILL RD,WOODSTOCK,34.117529,-84.478957
368,CHEROKEE,28075,615 MOUNTAIN RD,WOODSTOCK,34.138948,-84.406608
369,CHEROKEE,28051,6659 BELLS FERRY RD,WOODSTOCK,34.129334,-84.58652
370,CHEROKEE,28036,6409 BELLS FERRY RD,WOODSTOCK,34.109836,-84.582298
371,CHEROKEE,28077,1375 PUCKETT RD,WALESKA,34.338691,-84.528698
372,CHEROKEE,28081,201 CLUBHOUSE DRIVE,CANTON,34.224286,-84.537832
373,CHEROKEE,28204,253 SHILOH CHURCH RD,DAWSONVILLE,34.35111,-84.262301
374,CHEROKEE,28080,895 KNOX BRIDGE HWY,WHITE,34.217094,-84.643586
375,CHEROKEE,28083,7032 HUNTERS RIDGE,WOODSTOCK,34.110914,-84.543062
376,CHEROKEE,28082,800 WOODLAND PKWY,WOODSTOCK,34.093218,-84.456376
377,CHEROKEE,28084,1780 A J LAND RD,CANTON,34.31319,-84.533378
378,CHEROKEE,28076,4625 HIGHWAY 92,ACWORTH,34.091732,-84.611856
379,CHEROKEE,28209,150 RIDGEWALK PKWY,WOODSTOCK,34.117124,-84.516479
380,CHEROKEE,28085,2010 TOWNE LAKE HILLS SOUTH DR,WOODSTOCK,34.101049,-84.541192
381,CLARKE,29001,225 NEWTON BRIDGE ROAD,ATHENS,33.979141,-83.395808
382,CLARKE,29002,2025 BAXTER STREET,ATHENS,33.944957,-83.403661
383,CLARKE,29007,775 EAST BROAD STREET,ATHENS,33.960143,-83.370584
384,CLARKE,29038,4460 LEXINGTON ROAD,ATHENS,33.925364,-83.303047
385,CLARKE,29003,3220 S BARNETT SHOALS ROAD,ATHENS,33.902584,-83.337961
386,CLARKE,29008,1300 CEDAR SHOALS DR,ATHENS,33.92319,-83.331695
387,CLARKE,29004,757 NORTH CHASE STREET,ATHENS,33.964673,-83.394214
388,CLARKE,29016,000 ENTER BAXTER ST. PARKING LOT,ATHENS,0,0
389,CLARKE,29009,1700 CLEVELAND ROAD,BOGART,33.966921,-83.505239
390,CLARKE,29010,1198 S MILLEDGE AVE,ATHENS,33.939255,-83.38705
391,CLARKE,29011,900 OGLETHORPE AVENUE,ATHENS,33.962193,-83.415433
392,CLARKE,29012,2350 BARNETT SHOALS RD,ATHENS,33.917671,-83.344215
393,CLARKE,29015,900 GAINES SCHOOL ROAD,ATHENS,33.929501,-83.336785
394,CLARKE,29005,3700 ATLANTA HWY,ATHENS,33.944166,-83.468344
395,CLARKE,29013,715 FOURTH STREET,ATHENS,33.97336,-83.358722
396,CLARKE,29014,2300 DANIELSVILLE ROAD,ATHENS,34.009966,-83.345371
397,CLARKE,29017,293 GRAN ELLEN DRIVE,ATHENS,33.928722,-83.390351
398,CLARKE,29036,1150 OGLETHORPE AVENUE,ATHENS,33.963362,-83.422452
399,CLARKE,29019,297 HOYT STREET,ATHENS,33.964111,-83.375786
400,CLARKE,29021,1900 TIMOTHY ROAD,ATHENS,33.936954,-83.446112
401,CLARKE,29037,780 TIMOTHY ROAD,ATHENS,33.927791,-83.412024
402,CLARKE,29023,1450 WHIT DAVIS RD,ATHENS,33.90394,-83.316995
403,CLARKE,29024,555 QUAILWOOD DRIVE,ATHENS,33.98107,-83.435668
404,CLARKE,29026,000 MARIGOLD LANE,WINTERVILLE,33.930735,-83.292152
405,CLAY,30009,159 WILSON.,FORT GAINES,31.605921,-85.047726
406,CLAY,30009,159 WILSON.,FORT GAINES,31.605921,-85.047726
407,CLAY,30009,159 WILSON.,FORT GAINES,31.605921,-85.047726
408,CLAY,30009,159 WILSON.,FORT GAINES,31.605921,-85.047726
409,CLAY,30009,159 WILSON.,FORT GAINES,31.605921,-85.047726
410,CLAYTON,31015,6475 MOUNT ZION BLVD,MORROW,33.577997,-84.304705
411,CLAYTON,31026,1842 LAKE JODECO RD,JONESBORO,33.515128,-84.330453
412,CLAYTON,31053,93 VALLEY HILL ROAD SW,RIVERDALE,33.5657,-84.392323
413,CLAYTON,31001,3187 REX ROAD,REX,33.5894,-84.284922
414,CLAYTON,31002,4199 OLD ROCKCUT ROAD,CONLEY,33.641495,-84.33378
415,CLAYTON,31085,2352 OLD REX MORROW ROAD,ELLENWOOD,33.596845,-84.314451
416,CLAYTON,31003,216 STOCKBRIDGE RD,JONESBORO,33.524245,-84.348099
417,CLAYTON,31004,5500 REYNOLDS RD,FOREST PARK,33.605128,-84.353394
418,CLAYTON,31005,9771 POSTON RD,JONESBORO,33.494923,-84.364052
419,CLAYTON,31006,120 ORIOLE DRIVE,JONESBORO,33.534915,-84.393649
420,CLAYTON,31007,1500 NORMAN DRIVE,COLLEGE PARK,33.785968,-84.44294
421,CLAYTON,31062,6337 GEORGIA 42,REX,33.579953,-84.291314
422,CLAYTON,31008,7013 CHURCH ST,RIVERDALE,33.563315,-84.417999
423,CLAYTON,31012,7810 HIGHWAY 85,RIVERDALE,33.537676,-84.414786
424,CLAYTON,31071,5823 TRAMMELL ROAD,MORROW,33.594962,-84.322651
425,CLAYTON,31080,3675 STEELE ROAD,ELLENWOOD,33.6171,-84.270118
426,CLAYTON,31082,11808 PANHANDLE ROAD,HAMPTON,33.430823,-84.360731
427,CLAYTON,31017,930 FINLEY DR,FOREST PARK,33.622335,-84.359539
428,CLAYTON,31019,5212 WEST ST,FOREST PARK,33.611984,-84.374275
429,CLAYTON,31020,6712 W FAYETTEVILLE RD,RIVERDALE,33.571489,-84.44706
430,CLAYTON,31021,825 TARA ROAD,HAMPTON,33.464102,-84.360181
431,CLAYTON,31022,1169 MORROW RD,MORROW,33.586072,-84.353959
432,CLAYTON,31023,1260 ROCKCUT RD,FOREST PARK,33.638926,-84.349066
433,CLAYTON,31024,7711 MOUNT ZION BOULEVARD,JONESBORO,33.545607,-84.337235
434,CLAYTON,31027,10990 FOLSOM ROAD,HAMPTON,33.454521,-84.355696
435,CLAYTON,31028,7971 KENDRICK ROAD,JONESBORO,33.53656,-84.390876
436,CLAYTON,31029,7435 TARA RD,JONESBORO,33.55032,-84.359006
437,CLAYTON,31086,5745 W. LEES MILL ROAD,COLLEGE PARK ,33.598025,-84.413241
438,CLAYTON,31031,7900 LAKE RIDGE CIR,RIVERDALE,33.540472,-84.430627
439,CLAYTON,31032,865 BATTLE CREEK RD,JONESBORO,33.552522,-84.363783
440,CLAYTON,31033,178 LEE STREET,JONESBORO,33.524624,-84.356386
441,CLAYTON,31047,5880 OLD DIXIE HIGHWAY,FOREST PARK,33.594464,-84.377278
442,CLAYTON,31083,11622 HASTINGS BRIDGE ROAD,LOVEJOY,33.438063,-84.314214
443,CLAYTON,31034,1588 LOVEJOY RD,LOVEJOY,33.441869,-84.339089
444,CLAYTON,31035,1587 MCDONOUGH RD,HAMPTON,33.445397,-84.339329
445,CLAYTON,31036,1905 WALT STEPHENS RD,JONESBORO,33.521529,-84.330878
446,CLAYTON,31037,2201 LAKE HARBIN ROAD,MORROW,33.580886,-84.31824
447,CLAYTON,31039,1500 MORROW ROAD,MORROW,33.583644,-84.340719
448,CLAYTON,31051,2920 MOUNT ZION ROAD,JONESBORO,33.55653,-84.295153
449,CLAYTON,31041,2984 MT ZION RD,JONESBORO,33.55633,-84.293375
450,CLAYTON,31042,2535 MT ZION PKWY,JONESBORO,33.554349,-84.308722
451,CLAYTON,31081,9652 FAYETTEVILLE ROAD,JONESBORO,33.492519,-84.384304
452,CLAYTON,31043,1251 MUNDYS MILL RD,JONESBORO,33.486855,-84.351102
453,CLAYTON,31065,1014 NEW HOPE DRIVE,HAMPTON,33.436685,-84.359307
454,CLAYTON,31057,7725 HIGHWAY 85,RIVERDALE,33.544355,-84.417738
455,CLAYTON,31044,5517 W FAYETTEVILLE RD,COLLEGE PARK,33.606581,-84.447667
456,CLAYTON,31045,1525 NORMAN DR,COLLEGE PARK,33.768337,-84.437842
457,CLAYTON,31084,3406 REX ROAD,REX,33.591431,-84.278884
458,CLAYTON,31046,1725 CHERYL LEIGH DR,RIVERDALE,33.578308,-84.445322
459,CLAYTON,31048,8482 THOMAS ROAD,RIVERDALE,33.523517,-84.411559
460,CLAYTON,31049,8495 THOMAS RD,JONESBORO,33.520845,-84.412819
461,CLAYTON,31050,6340 HIGHWAY 42 SOUTH,REX,33.581646,-84.287424
462,CLAYTON,31052,1064 BETHSAIDA RD,RIVERDALE,33.560765,-84.425031
463,CLAYTON,31016,6253 GARDEN WALK BLVD,RIVERDALE,33.584836,-84.392925
464,CLAYTON,31054,160 ROBERTS DRIVE,RIVERDALE,33.556964,-84.402208
465,CLAYTON,31055,6390 RIVERDALE ROAD,RIVERDALE,33.591538,-84.428086
466,CLAYTON,31056,400 ROBERTS DR,RIVERDALE,33.562796,-84.406971
467,CLAYTON,31058,205 N. BRIDGE RD,FAYETTEVILLE,33.418551,-84.387992
468,CLAYTON,31013,1087 BATTLECREEK RD,JONESBORO,33.553007,-84.348021
469,CLAYTON,31059,591 FLINT RIVER RD,JONESBORO,33.51986,-84.374092
470,CLAYTON,31060,1400 LAKE JODECO RD,JONESBORO,33.515624,-84.344762
471,CLAYTON,31061,937 MOUNT ZION RD,MORROW,33.570789,-84.360364
472,CLAYTON,31040,6021 MADDOX ROAD,MORROW,33.590378,-84.316061
473,CLAYTON,31014,2750 FOREST PKWY,ELLENWOOD,33.613678,-84.299693
474,CLAYTON,31063,5580 RIVERDALE RD,COLLEGE PARK,33.603144,-84.430801
475,CLINCH,32001,109 ARABIA COURTHOUSE RD,HOMERVILLE,0,0
476,CLINCH,32003,25 COURT SQUARE,HOMERVILLE,31.037622,-82.749068
477,CLINCH,32004,81 NICHOLS ST,DUPONT,30.989734,-82.872164
478,CLINCH,32005,11 SUWANNEE DR,FARGO,30.685248,-82.563536
479,CLINCH,32006,3050 JESSE STEEDLEY RD,ARGYLE,31.075694,-82.649114
480,COBB,33001,4361 CHEROKEE ST,ACWORTH,34.070153,-84.676347
481,COBB,33021,160 LEGION DR,SMYRNA,33.875881,-84.517264
482,COBB,33004,2420 SPRING RD,SMYRNA,33.882493,-84.483464
483,COBB,33006,2625 JOE JERKINS BLVD,AUSTELL,33.814289,-84.630546
484,COBB,33166,2240 SHALLOWFORD RD,MARIETTA,34.042698,-84.485585
485,COBB,33119,2753 WATTS DR.,KENNESAW,34.021215,-84.619164
486,COBB,33162,4644 SANDY PLAINS RD,MARIETTA,34.061158,-84.429941
487,COBB,33011,775 SMYRNA POWDER SPRINGS RD,MARIETTA,33.879421,-84.575657
488,COBB,33013,4845 DALLAS HWY,POWDER SPRINGS,33.93784,-84.694806
489,COBB,33117,285 VICTORY DR,MARIETTA,33.945172,-84.530894
490,COBB,33133,5145 DUE WEST RD,POWDER SPRINGS,33.964934,-84.698055
491,COBB,33018,2330 BURNT HICKORY ROAD,MARIETTA,33.966659,-84.619741
492,COBB,33169,4025 SOUTH HURT ROAD,SMYRNA,33.856944,-84.562987
493,COBB,33307,1243 BELMONT AVENUE,SMYRNA,33.894109,-84.517442
494,COBB,33146,50 SHALLOWFORD RD,KENNESAW,34.069566,-84.548344
495,COBB,33190,4905 ROSWELL RD NE,MARIETTA,33.999429,-84.407751
496,COBB,33027,1350 JOHN WARD RD,MARIETTA,33.921714,-84.620891
497,COBB,33028,2663 JOHNSON FERRY RD,MARIETTA,34.014887,-84.431229
498,COBB,33029,1210 WOOTEN LAKE RD,KENNESAW,34.059341,-84.585955
499,COBB,33087,3393 CANTON RD,MARIETTA,34.033758,-84.528309
500,COBB,33135,285 SOUTH GORDON RD SW,MABLETON,33.792253,-84.561997
501,COBB,33114,548 SOUTH MARIETTA PKWY,MARIETTA,33.942417,-84.536981
502,COBB,33032,1000 EMC PKWY NE,MARIETTA,33.97703,-84.553387
503,COBB,33139,3206 OLD HIGHWAY 41 NW,KENNESAW,34.033205,-84.638598
504,COBB,33034,3795 COCHISE DR,ATLANTA,33.860313,-84.457822
505,COBB,33036,1190 INDIAN HILLS PKWY,MARIETTA,33.977469,-84.43543
506,COBB,33037,4605 EWING RD,AUSTELL,33.84209,-84.634129
507,COBB,33097,2881 CANTON RD,MARIETTA,34.020325,-84.529502
508,COBB,33057,1100 PIEDMONT RD NE,MARIETTA,34.019782,-84.519204
509,COBB,33043,2121 WEST SANDTOWN RD,MARIETTA,33.902459,-84.633562
510,COBB,33045,3956 DUE WEST RD,MARIETTA,33.970049,-84.668964
511,COBB,33047,2891 MARS HILL RD,ACWORTH,34.025539,-84.697503
512,COBB,33136,1940 SHALLOWFORD RD,MARIETTA,34.0462,-84.493841
513,COBB,33048,5240 ROSWELL RD,MARIETTA,34.001032,-84.398527
514,COBB,33049,4400 LOWER ROSWELL RD,MARIETTA,33.963188,-84.423463
515,COBB,33214,2450 LOWER ROSWELL RD NE,MARIETTA,33.943859,-84.482051
516,COBB,33055,2570 LOWER ROSWELL ROAD,MARIETTA,33.942089,-84.477632
517,COBB,33060,315 KURTZ RD,MARIETTA,34.003948,-84.541725
518,COBB,33061,1465 BRANDON DRIVE,MARIETTA,33.91654,-84.564406
519,COBB,33132,5083 HIRAM LITHIA SPRINGS RD,POWDER SPRINGS,33.830734,-84.688081
520,COBB,33003,1275 CHURCH STREET,SMYRNA,33.882662,-84.517447
521,COBB,33065,4330 NORTH AVE,POWDER SPRINGS,33.860068,-84.679493
522,COBB,33096,3481 CAMPUS LOOP RD,KENNESAW,34.035315,-84.587342
523,COBB,33068,4803 FLOYD RD,MABLETON,33.838228,-84.574866
524,COBB,33157,3996 FLOYD RD,AUSTELL,33.855436,-84.590766
525,COBB,33069,1345 MARS HILL RD,ACWORTH,33.98694,-84.719915
526,COBB,33071,3499 ROBINSON RD,MARIETTA,33.973793,-84.454493
527,COBB,33154,4181 ATLANTA ST,POWDER SPRINGS,33.856535,-84.676118
528,COBB,33035,3005 RING RD NW,KENNESAW,34.018101,-84.568118
529,COBB,33042,3737 STILESBORO RD NW,KENNESAW,33.997615,-84.660131
530,COBB,33083,675 HOLT RD,MARIETTA,33.966786,-84.480026
531,COBB,33113,1083 ALLGOOD RD NE,MARIETTA,33.977551,-84.523108
532,COBB,33077,4500 DUE WEST RD,KENNESAW,33.96736,-84.683172
533,COBB,33078,1501 KENNESAW DUE WEST RD,KENNESAW,33.991046,-84.631578
534,COBB,33143,3269 OLD CONCORD RD SE,SMYRNA,33.874698,-84.537014
535,COBB,33082,2364 POWDER SPRINGS RD SW,MARIETTA,33.880386,-84.622115
536,COBB,33084,3401 LOWER ROSWELL RD,MARIETTA,33.951934,-84.452852
537,COBB,33085,2922 SANDY PLAINS RD,MARIETTA,34.020675,-84.488116
538,COBB,33109,4101 SANDY PLAINS RD,MARIETTA,34.050644,-84.454004
539,COBB,33010,2720 SOUTH COBB DR SE,SMYRNA,33.887026,-84.536338
540,COBB,33073,1455 BEN KING RD,KENNESAW,34.027739,-84.592976
541,COBB,33089,955 JOHNSON FERRY RD,MARIETTA,33.96742,-84.414654
542,COBB,33091,4770 LEE WATERS RD,MARIETTA,34.064281,-84.512882
543,COBB,33094,2958 NORTH MAIN STREET,KENNESAW,34.025899,-84.617943
544,COBB,33064,3732 KING SPRINGS RD SE,SMYRNA,33.863082,-84.518008
545,COBB,33191,3265 BROWN ROAD SE,SMYRNA,33.873986,-84.526776
546,COBB,33099,230 CRESSON DR,MARIETTA,33.896418,-84.555145
547,COBB,33002,1040 BLACKWELL RD,MARIETTA,34.034921,-84.519082
548,COBB,33158,4201 LEGACY PARK CIR,KENNESAW,34.054975,-84.633705
549,COBB,33175,4100 KING SPRINGS RD,SMYRNA,33.854478,-84.518354
550,COBB,33134,50 VETERANS MEM. HWY,MABLETON,33.813525,-84.55376
551,COBB,33156,4331 BROWNSVILLE ROAD,POWDER SPRINGS,33.846743,-84.694221
552,COBB,33103,3450 STILESBORO ROAD,KENNESAW,33.999123,-84.649843
553,COBB,33105,700 OLD MOUNTAIN RD,KENNESAW,33.970711,-84.689654
554,COBB,33185,3825 LUTHER WARD ROAD,POWDER SPRINGS,33.926442,-84.663555
555,COBB,33238,5235 AUSTELL-POWDER SPRINGS RD,AUSTELL,33.828106,-84.643891
556,COBB,33107,4814 PAPER MILL RD,MARIETTA,33.949054,-84.414521
557,COBB,33040,1200 INDIAN HILLS PKWY,MARIETTA,33.977534,-84.436497
558,COBB,33148,6114 MABLETON PKWY,MABLETON,33.804723,-84.569206
559,COBB,33174,5220 CHURCH ST SW,MABLETON,33.824471,-84.584258
560,COBB,33110,3732 MACLAND RD,POWDER SPRINGS,33.901735,-84.661801
561,COBB,33236,63 MAPLE AVENUE,MARIETTA,33.957461,-84.553614
562,COBB,33115,1171 WHITLOCK AVE,MARIETTA,33.947976,-84.588457
563,COBB,33017,3660 OLD STILESBORO ROAD,KENNESAW,34.003989,-84.656291
564,COBB,33122,4075 MACLAND RD,POWDER SPRINGS,33.901497,-84.671974
565,COBB,33127,287 MT CALVARY RD,MARIETTA,33.947633,-84.609018
566,COBB,33123,1030 MILFORD CHURCH RD,MARIETTA,33.880844,-84.583581
567,COBB,33309,1021 OREGON TRAIL SW,MARIETTA,33.928456,-84.566386
568,COBB,33173,3320 SANDY PLAINS RD,MARIETTA,34.028897,-84.469754
569,COBB,33039,2300 JAMERSON RD,MARIETTA,34.074045,-84.483558
570,COBB,33126,4385 LOWER ROSWELL RD,MARIETTA,33.963603,-84.424037
571,COBB,33054,1700 ALLGOOD RD,MARIETTA,33.98129,-84.502897
572,COBB,33129,1770 JOHNSON FERRY RD,MARIETTA,33.992841,-84.428428
573,COBB,33130,2320 MURDOCK RD,MARIETTA,34.00686,-84.462197
574,COBB,33095,2975 COBB PARKWAY NW,KENNESAW,34.026475,-84.639502
575,COBB,33022,836 NEW SALEM RD NW,KENNESAW,33.974179,-84.616607
576,COBB,33137,4555 MAVELL RD,SMYRNA,33.843569,-84.515933
577,COBB,33138,4120 CANTON RD,MARIETTA,34.051697,-84.525658
578,COBB,33131,3900 SOUTH MAIN STREET,ACWORTH,34.050869,-84.654173
579,COBB,33012,3100 JAYCEE DR,MARIETTA,34.025161,-84.52028
580,COBB,33141,3413 BLUE SPRINGS ROAD,KENNESAW,34.036744,-84.651546
581,COBB,33118,3737 DALLAS ACWORTH HIGHWAY NW,ACWORTH,34.047157,-84.728397
582,COBB,33164,2730 CUMBERLAND BLVD SE,SMYRNA,33.886377,-84.477457
583,COBB,33112,1630 PIEDMONT RD,MARIETTA,34.01344,-84.503971
584,COBB,33100,3755 SANDY PLAINS RD,MARIETTA,34.041862,-84.460388
585,COBB,33277,2720 PINE MOUNTAIN CIRCLE,KENNESAW,33.988072,-84.632679
586,COBB,33151,4575 WADE GREEN RD,ACWORTH,34.065465,-84.591158
587,COBB,33235,566 WHITLOCK AVE NW,MARIETTA,33.95201,-84.565599
588,COBB,33104,816 PICKENS INDUSTRIAL DR,MARIETTA,33.971157,-84.523508
589,COBB,33195,135 RIVERSIDE PARKWAY,AUSTELL,33.771869,-84.557261
590,COBB,33167,3820 MACEDONIA RD,POWDER SPRINGS,33.87654,-84.664732
591,COBB,33170,2825 SANDY PLAINS RD,MARIETTA,34.020148,-84.490852
592,COBB,33046,1150 POWDER SPRINGS ST,MARIETTA,33.926081,-84.574581
593,COBB,33121,4665 MACLAND RD,POWDER SPRINGS,33.900232,-84.691443
594,COBB,33088,2051 LOWER ROSWELL RD,MARIETTA,33.949963,-84.492216
595,COBB,33172,3529 LASSITER ROAD,MARIETTA,34.03518,-84.438321
596,COBB,33120,1686 SHALLOWFORD RD,MARIETTA,34.048369,-84.50174
597,COBB,33306,75 HAWKINS STORE RD NW,KENNESAW ,34.057613,-84.551981
598,COBB,33308,810 CHURCH ST SE,SMYRNA,33.880141,-84.529809
599,COBB,33176,200 VILLAGE GREEN CIR,SMYRNA,33.884885,-84.516573
600,COBB,33177,3320 PAPER MILL RD,MARIETTA,33.935768,-84.452998
601,COBB,33178,620 LIONS CLUB DR,MABLETON,33.819194,-84.57188
602,COBB,33108,805 CLAY RD.,MABLETON,33.825225,-84.577652
603,COBB,33183,4300 KING SPRINGS RD,SMYRNA,33.849119,-84.521797
604,COBB,33007,4310 MOON STATION LANE,ACWORTH,34.057712,-84.618104
605,COBB,33159,3640 SPRING HILL PKWY,SMYRNA,33.863971,-84.485173
606,COBB,33188,1415 OLD CANTON RD,MARIETTA,33.983511,-84.463476
607,COBB,33080,3330 SANDY PLAINS ROAD,MARIETTA,34.02984,-84.468303
608,COBB,33041,1795 JOHNSON FERRY RD,MARIETTA,33.992324,-84.429589
609,COBB,33212,555 NICKAJACK ROAD,MABLETON,33.834757,-84.539613
610,COBB,33192,1480 BELLS FERRY RD,MARIETTA,33.986527,-84.554315
611,COBB,33281,950 SHILOH RD,KENNESAW,34.052368,-84.578493
612,COBB,33016,821 SOUTH GORDON RD SW,AUSTELL,33.789023,-84.577869
613,COBB,33233,492 NORTH MARIETTA PARKWAY,MARIETTA,33.957699,-84.53768
614,COBB,33072,4255 SANDY PLAINS RD,MARIETTA,34.054385,-84.448588
615,COBB,33198,5950 NICHOLS RD,POWDER SPRINGS,33.960519,-84.724535
616,COBB,33199,4290 PACES FERRY RD,ATLANTA,33.864264,-84.465376
617,COBB,33201,2025 POWDER SPRINGS RD,MARIETTA,33.888068,-84.612262
618,COBB,33202,4495 SANDY PLAINS RD,MARIETTA,34.060144,-84.43571
619,COBB,33203,1245 VILLA RICA RD,MARIETTA,33.921909,-84.653038
620,COBB,33070,1750 DENNIS KEMP LN,KENNESAW,33.99898,-84.702186
621,COBB,33204,4915 DALLAS HWY,POWDER SPRINGS,33.94226,-84.69532
622,COBB,33033,"1885 ROSWELL ST., SE",SMYRNA,33.894637,-84.500583
623,COBB,33140,3662 SHALLOWFORD RD,MARIETTA,34.032713,-84.443979
624,COBB,33207,165 LEMON ST,MARIETTA,33.955573,-84.547623
625,COFFEE,34015,98 W. ELM ST.,AMBROSE,31.594886,-83.014986
626,COFFEE,34001,2387 BRIDGETOWN RD,WILLACOOCHEE,31.43704,-83.05609
627,COFFEE,34017,200 S MADISON AVE,DOUGLAS,31.507317,-82.848391
628,COFFEE,34003,707 VAN STREAT HWY,NICHOLLS,31.517777,-82.636784
629,COFFEE,34016,100 CHURCH ST,BROXTON,31.624451,-82.886694
630,COFFEE,34008,230 SCHOOL CIRCLE,WEST GREEN,31.611507,-82.735576
631,COLQUITT,35001,616 5TH AVE NW,MOULTRIE,31.185292,-83.79741
632,COLQUITT,35002,2493 GA HWY 33 S,MOULTRIE,31.061927,-83.764913
633,COLQUITT,35003,283 LANGFORD STREET,BERLIN,31.068967,-83.623689
634,COLQUITT,35004,2407 BAY ROCKYFORD RD,MOULTRIE,31.138492,-83.897951
635,COLQUITT,35005,570 JONAH TILLMAN RD,MOULTRIE,31.110064,-83.716226
636,COLQUITT,35006,155 J P PERRY RD,NORMAN PARK,31.327962,-83.678039
637,COLQUITT,35008,212 WEST BROAD STREET,DOERUN,31.321442,-83.919364
638,COLQUITT,35009,103 N BAKER ST,ELLENTON,31.178181,-83.587688
639,COLQUITT,35010,115 W MULBERRY ST,FUNSTON,31.199542,-83.872794
640,COLQUITT,35011,240 GA HWY 202,HARTSFIELD,31.12256,-83.950138
641,COLQUITT,35012,103 BRYAN RD,HARTSFIELD,31.216708,-83.976174
642,COLQUITT,35013,1230 CANNON RD,MOULTRIE,31.124971,-83.623362
643,COLQUITT,35014,5063 GA HWY 33 N,MOULTRIE,31.293471,-83.819203
644,COLQUITT,35015,140 SMITHWICK RD,COOLIDGE,31.067115,-83.825491
645,COLQUITT,35016,154 EAST BROAD ST,NORMAN PARK,31.269429,-83.684983
646,COLQUITT,35019,231 SCHLEY CHURCH RD,MOULTRIE,31.231545,-83.831369
647,COLQUITT,35020,6565 THIGPEN TRAIL,DOERUN,31.300097,-83.972341
648,COLQUITT,35021,1100 11TH AVE SW,MOULTRIE,31.168086,-83.775934
649,COLQUITT,35022,4182 ELLENTON OMEGA RD,OMEGA,31.291051,-83.571039
650,COLUMBIA,36001,3917 WASHINGTON RD,MARTINEZ,33.510726,-82.098139
651,COLUMBIA,36002,313 BASTON RD,MARTINEZ,33.52569,-82.076137
652,COLUMBIA,36008,599 S OLD BELAIR RD,GROVETOWN,33.482032,-82.143873
653,COLUMBIA,36048,5913 EUCHEE CREEK DRIVE,HARLEM,33.475974,-82.265992
654,COLUMBIA,36006,4541 DEWEY DRIVE,MARTINEZ,33.502771,-82.14748
655,COLUMBIA,36007,550 BLUE RIDGE DRIVE,EVANS,33.53785,-82.105569
656,COLUMBIA,36037,4201 SOUTHERN PINES DRIVE,EVANS,33.561579,-82.107872
657,COLUMBIA,36018,136 N BELAIR RD,EVANS,33.511602,-82.143397
658,COLUMBIA,36010,4232 EVANS TO LOCKS RD,EVANS,33.54111,-82.114799
659,COLUMBIA,36011,4227 COLUMBIA RD,MARTINEZ,33.508622,-82.119439
660,COLUMBIA,36015,4781 HEREFORD FARM ROAD,EVANS,33.530877,-82.15831
661,COLUMBIA,36016,7022 EVANS TOWN CENTER,EVANS,33.546647,-82.132846
662,COLUMBIA,36012,6375 RIDGE ROAD,APPLING,33.665974,-82.317461
663,COLUMBIA,36013,6808 COBBHAM ROAD,APPLING,33.610248,-82.332371
664,COLUMBIA,36003,470 FURYS FERRY ROAD,MARTINEZ,33.533568,-82.078688
665,COLUMBIA,36004,437 N BELAIR RD,EVANS,33.528967,-82.130951
666,COLUMBIA,36019,703 FURYS FERRY ROAD,EVANS,33.55172,-82.090365
667,COLUMBIA,36045,4945 HARDY MCMANUS RD,EVANS,33.575211,-82.17268
668,COLUMBIA,36021,4406 WRIGHTSBORO ROAD,GROVETOWN,33.475194,-82.134926
669,COLUMBIA,36022,5114 RIVERWOOD PARKWAY,EVANS,33.588516,-82.191971
670,COLUMBIA,36054,108 W. ROBINSON AVE,GROVETOWN,33.451373,-82.200152
671,COLUMBIA,36025,5555 HARLEM GROVETOWN ROAD,GROVETOWN,33.453928,-82.225283
672,COLUMBIA,36023,1040 NEWMANTOWN ROAD,GROVETOWN,33.437255,-82.206889
673,COLUMBIA,36024,206 EAST ROBINSON AVE,GROVETOWN,33.44915,-82.194864
674,COLUMBIA,36027,145 NORTH LOUISVILLE ST,HARLEM,33.414985,-82.311402
675,COLUMBIA,36056,381 WEST CHURCH STREET,HARLEM,33.411841,-82.320238
676,COLUMBIA,36020,4798 HARDY MCMANUS RD,EVANS,33.575075,-82.154709
677,COLUMBIA,36029,2520 RAY OWENS RD,APPLING,33.551725,-82.319032
678,COLUMBIA,36030,527 BLUERIDGE DR,EVANS,33.535917,-82.101466
679,COLUMBIA,36031,5555 HEREFORD FARM RD,EVANS,33.509058,-82.203587
680,COLUMBIA,36032,3632 LYNNWOOD DR,MARTINEZ,33.518342,-82.082023
681,COLUMBIA,36039,3910 DESOTO DR.,MARTINEZ,33.513655,-82.099081
682,COLUMBIA,36034,4400 WHEELER RD,MARTINEZ,33.488486,-82.134538
683,COLUMBIA,36055,215 LEWISTON ROAD,GROVETOWN,33.500236,-82.201455
684,COLUMBIA,36036,2543 WILLIAM FEW PARKWAY,EVANS,33.547814,-82.215364
685,COLUMBIA,36052,5445 COLUMBIA ROAD,GROVETOWN,33.520203,-82.229593
686,COLUMBIA,36014,780 OLD LOUISVILLE ROAD,HARLEM,33.467051,-82.262813
687,COLUMBIA,36035,1244 FURYS FERRY ROAD,EVANS,33.580293,-82.118395
688,COLUMBIA,36040,3300 EVANS TO LOCKS ROAD,MARTINEZ,33.550803,-82.039849
689,COLUMBIA,36057,842 APPLING HARLEM ROAD,HARLEM,33.433929,-82.314622
690,COLUMBIA,36009,3425 ROSEMONT RD,APPLING,33.62305,-82.239905
691,COLUMBIA,36046,600 STEVENS CREEK ROAD,AUGUSTA,33.538176,-82.050453
692,COLUMBIA,36043,4594 COLUMBIA RD,MARTINEZ,33.506621,-82.147446
693,COLUMBIA,36041,825 NORTH BELAIR RD,EVANS,33.557682,-82.125167
694,COLUMBIA,36017,555 GIBBS ROAD,EVANS,33.534328,-82.151539
695,COLUMBIA,36033,261 FLOWING WELLS RD,MARTINEZ,33.501946,-82.108032
696,COLUMBIA,36044,4943 COLUMBIA RD,GROVETOWN,33.50734,-82.184243
697,COOK,37002,134 ROUNDTREE ST,CECIL,31.0465,-83.394095
698,COOK,37016,210 E 8TH ST,ADEL,31.132345,-83.419658
699,COOK,37019,210 E 8TH ST,ADEL,31.132345,-83.419658
700,COOK,37017,210 E 8TH ST,ADEL,31.132345,-83.419658
701,COOK,37004,700 N ELM ST,ADEL,31.142026,-83.433872
702,COOK,37006,15 E COLQUITT AVE,LENOX,31.271202,-83.463579
703,COOK,37008,2904 HWY 76,ADEL,31.079917,-83.478686
704,COOK,37010,115 E COLQUITT ST,SPARKS,31.166963,-83.436468
705,COWETA,38030,197 TEMPLE AVENUE,NEWNAN,33.385002,-84.813119
706,COWETA,38001,200 PETE RD,SHARPSBURG,33.464685,-84.648504
707,COWETA,38002,"160 MARTIN LUTHER KING, JR BLVD",NEWNAN,33.364142,-84.781659
708,COWETA,38026,135 HEERY ROAD,NEWNAN,33.373929,-84.835384
709,COWETA,38007,85 LITERARY LANE,NEWNAN,33.385675,-84.669798
710,COWETA,38005,275 PINE ROAD,NEWNAN,33.332406,-84.788161
711,COWETA,38006,4566 TOMMY LEE COOK RD,NEWNAN,33.495564,-84.793181
712,COWETA,38027,2564 HWY 154,NEWNAN,33.400415,-84.682827
713,COWETA,38010,2545 W HWY 34,NEWNAN,33.357246,-84.907372
714,COWETA,38012,3370 FISCHER ROAD,NEWNAN,33.472488,-84.663569
715,COWETA,38013,100 PARK DRIVE,GRANTVILLE,33.237581,-84.836412
716,COWETA,38028,171 MAGNOLIA STREET,HARALSON,33.227771,-84.565891
717,COWETA,38008,2970 EAST HIGHWAY 16,SHARPSBURG,33.336431,-84.691171
718,COWETA,38016,2355 N. HIGHWAY 29,NEWNAN,33.435315,-84.750614
719,COWETA,38009,85 COUNTRY CLUB ROAD,NEWNAN,33.415836,-84.779836
720,COWETA,38017,7 MAIN STREET,MORELAND,33.285836,-84.769954
721,COWETA,38018,25 LAGRANGE STREET,NEWNAN,33.373004,-84.801067
722,COWETA,38019,720 COUNTRY CLUB RD,NEWNAN,33.423649,-84.79719
723,COWETA,38020,2285 WEST HIGHWAY 16,NEWNAN,33.434754,-84.869666
724,COWETA,38022,105 MAIN STREET,SHARPSBURG,33.338895,-84.649905
725,COWETA,38039,300 HOWARD ROAD,SENOIA,33.302759,-84.568183
726,COWETA,38014,1515 LOWER FAYETTEVILLE RD,NEWNAN,33.378316,-84.743944
727,COWETA,38025,3530 EAST HIGHWAY 34,SHARPSBURG,33.408491,-84.668222
728,COWETA,38041,47 TURIN ROAD,TURIN,33.323668,-84.633002
729,COWETA,38024,311 SMOKEY ROAD,NEWNAN,33.361798,-84.822271
730,COWETA,38029,1792 WELCOME ROAD,NEWNAN,33.38925,-84.890681
731,CRAWFORD,39006,365 COOL SPRINGS CH. RD,FORT VALLEY,32.615078,-83.938192
732,CRAWFORD,39014,93 S. MATHEWS ST,ROBERTA,32.717548,-84.0096
733,CRAWFORD,39003,640 GA HWY 128,ROBERTA,32.714528,-84.021095
734,CRAWFORD,39010,4967 SANDY POINT ROAD,LIZELLA,32.76787,-83.869196
735,CRAWFORD,39011,10042 GA HIGHWAY 42 S,FORT VALLEY,32.670176,-83.865435
736,CRAWFORD,39009,5430 US HWY 341 NORTH,MUSELLA,32.795048,-84.029218
737,CRISP,40001,848 CONEY ROAD NORTH,CORDELE,32.00323,-83.858134
738,CRISP,40002,3930 1ST AVE,ARABI,31.834931,-83.743284
739,CRISP,40003,110 W 13TH AVE,CORDELE,31.967217,-83.783643
740,CRISP,40004,118 CRISP ACADEMY DR,CORDELE,31.909519,-83.854757
741,CRISP,40006,3738 OLD PENIA RD,CORDELE,31.966298,-83.701173
742,DADE,41001,71 CASE AVE,TRENTON,34.872056,-85.510843
743,DADE,41003,000 SCHOOL ST,RISING FAWN,34.762525,-85.53635
744,DADE,41004,000 NEW HOME RD,TRENTON,34.956441,-85.533014
745,DADE,41005,12477 HWY 136,RISING FAWN,34.808681,-85.474484
746,DADE,41007,131 GRIFFIN RD,LOOKOUT MT,33.443686,-84.147097
747,DADE,41008,5491 HWY 301,TRENTON,34.886104,-85.548524
748,DADE,41006,63 WAWONA DR.,WILDWOOD,34.963929,-85.419008
749,DAWSON,42002,96 ACADEMY AVENUE,DAWSONVILLE,34.420207,-84.123038
750,DAWSON,42010,145 LIBERTY DRIVE,DAWSONVILLE,34.356376,-84.029472
751,DAWSON,42006,2142 HUBBARD ROAD,DAWSONVILLE,34.460501,-84.256178
752,DECATUR,43001,405 E. GRIFFIN AVE,ATTAPULGUS,30.749221,-84.483408
753,DECATUR,43027,179 CLIFTON STREET,BRINSON,30.979997,-84.735945
754,DECATUR,43005,402 W. LEE ST,CLIMAX,30.877913,-84.435445
755,DECATUR,43006,600 WHEAT AVE.,BAINBRIDGE,30.901429,-84.553605
756,DECATUR,43009,1211 VADA RD,BAINBRIDGE,30.915304,-84.558222
757,DECATUR,43010,2931 SPRING CREEK RD,BRINSON,30.866277,-84.713187
758,DECATUR,43032,115 DEESE RD,BAINBRIDGE,31.023801,-84.462024
759,DECATUR,43016,164 RIVER RD,BAINBRIDGE,30.770151,-84.729355
760,DECATUR,43018,507 MARTIN ST.,BAINBRIDGE,30.921371,-84.586395
761,DEKALB,44300,2443 MT VERNON ROAD,DUNWOODY,33.956685,-84.302163
762,DEKALB,44002,659 ALLGOOD ROAD,STONE MOUNTAIN,33.779735,-84.211874
763,DEKALB,44004,765 SOUTH HAIRSTON ROAD,STONE MOUNTAIN,33.776105,-84.193908
764,DEKALB,44327,2968 CRAVENRIDGE DRIVE NE,ATLANTA,33.821344,-84.382883
765,DEKALB,44327,2968 CRAVENRIDGE DRIVE NE,ATLANTA,33.821344,-84.382883
766,DEKALB,44009,999 BRIARCLIFF RD,ATLANTA,33.781684,-84.343037
767,DEKALB,44010,21 NORTH AVONDALE PLAZA,AVONDALE ESTATES,33.776438,-84.266723
768,DEKALB,44223,1192 CLARENDON AVE,AVONDALE ESTATES,33.760427,-84.267665
769,DEKALB,44043,3260 COVINGTON HIGHWAY,DECATUR,33.774438,-84.257001
770,DEKALB,44043,3260 COVINGTON HIGHWAY,DECATUR,33.774438,-84.257001
771,DEKALB,44443,"3132 CLIFTON CHURCH RD, SE",ATLANTA ,33.694607,-84.30386
772,DEKALB,44443,"3132 CLIFTON CHURCH RD, SE",ATLANTA ,33.694607,-84.30386
773,DEKALB,44212,2201 YOUNG ROAD,STONE MOUNTAIN,33.738658,-84.171733
774,DEKALB,44013,1989 AUSTIN DRIVE,DECATUR,33.731396,-84.237439
775,DEKALB,44014,5200 COVINGTON HIGHWAY,DECATUR,33.734754,-84.202359
776,DEKALB,44109,2340 CLIFTON SPRINGS RD,DECATUR,33.69798,-84.295409
777,DEKALB,44109,2340 CLIFTON SPRINGS RD,DECATUR,33.69798,-84.295409
778,DEKALB,44015,3800 MILES E FOWLER WAY,LITHONIA,33.680112,-84.174815
779,DEKALB,44016,3505 BORING ROAD,DECATUR,33.68967,-84.240872
780,DEKALB,44227,1131 BRIAR VISTA TER,ATLANTA,33.810327,-84.338536
781,DEKALB,44227,1131 BRIAR VISTA TER,ATLANTA,33.810327,-84.338536
782,DEKALB,44018,3039 BRIARCLIFF ROAD,ATLANTA,33.837257,-84.313026
783,DEKALB,44019,3715 LAVISTA ROAD,DECATUR,33.840259,-84.264551
784,DEKALB,44020,3590 LAVISTA ROAD,DECATUR,33.839286,-84.269325
785,DEKALB,44020,3590 LAVISTA ROAD,DECATUR,33.839286,-84.269325
786,DEKALB,44329,"2235 BRIARWOOD WAY, NE",ATLANTA,33.849178,-84.329885
787,DEKALB,44022,1855 BROCKETT ROAD,TUCKER,33.837371,-84.222561
788,DEKALB,44024,4863 BROWN'S MILL ROAD,LITHONIA,33.676995,-84.189321
789,DEKALB,44221,4150 GREEN HAWK TRAIL,DECATUR,33.722221,-84.220367
790,DEKALB,44028,2330 RIVER ROAD,ELLENWOOD,33.676114,-84.297134
791,DEKALB,44029,2300 WILDCAT ROAD,DECATUR,33.687681,-84.295798
792,DEKALB,44030,3430 BOULDERCREST ROAD,CONLEY,33.661047,-84.300494
793,DEKALB,44032,3540 BROAD STREET,CHAMBLEE,33.896008,-84.2993
794,DEKALB,44032,3540 BROAD STREET,CHAMBLEE,33.896008,-84.2993
795,DEKALB,44168,5265 MIMOSA DRIVE,STONE MOUNTAIN,33.805306,-84.173646
796,DEKALB,44168,5265 MIMOSA DRIVE,STONE MOUNTAIN,33.805306,-84.173646
797,DEKALB,44035,3536 RADCLIFF BOULEVARD,DECATUR,33.67923,-84.218459
798,DEKALB,44302,4576 NORTH PEACHTREE ROAD,DUNWOODY,33.927898,-84.295905
799,DEKALB,44037,1994 CLAIRMONT ROAD,DECATUR,33.813562,-84.30813
800,DEKALB,44436,3701 COLLEGE AVE,CLARKSTON,33.805724,-84.23843
801,DEKALB,44038,4007 CHURCH STREET,CLARKSTON,33.81171,-84.237314
802,DEKALB,44418,"1530 WOODBINE AVENUE, SE",ATLANTA,33.751679,-84.336401
803,DEKALB,44184,2067 COLUMBIA DRIVE,DECATUR,33.728948,-84.252682
804,DEKALB,44040,3230 COLUMBIA WOODS DR,DECATUR,33.719771,-84.258231
805,DEKALB,44041,3001 COLUMBIA DRIVE,DECATUR,33.697126,-84.254076
806,DEKALB,44303,5303 WINTERS CHAPEL ROAD,DORAVILLE,33.951781,-84.271018
807,DEKALB,44422,"1626 N DRUID HILLS RD, NE",ATLANTA,33.843872,-84.338094
808,DEKALB,44422,"1626 N DRUID HILLS RD, NE",ATLANTA,33.843872,-84.338094
809,DEKALB,44045,5587 REDAN ROAD,STONE MOUNTAIN,33.755807,-84.166557
810,DEKALB,44441,500 S COLUMBIA DRIVE,DECATUR,33.766857,-84.280972
811,DEKALB,44440,231 SYCAMORE ST,DECATUR,33.774077,-84.293194
812,DEKALB,44440,231 SYCAMORE ST,DECATUR,33.774077,-84.293194
813,DEKALB,44318,3725 PARK AVE,DORAVILLE,33.900938,-84.278294
814,DEKALB,44318,3725 PARK AVE,DORAVILLE,33.900938,-84.278294
815,DEKALB,44047,2449 DRESDEN DRIVE,CHAMBLEE,33.869251,-84.2921
816,DEKALB,44383,1798 HAYGOOD DRIVE NE,ATLANTA,33.794453,-84.31877
817,DEKALB,44049,651 S INDIAN CREEK DRIVE,STONE MOUNTAIN,33.779645,-84.229421
818,DEKALB,44314,5035 VERMACK ROAD,DUNWOODY,33.945757,-84.312997
819,DEKALB,44304,5339 CHAMBLEE DUNWOODY ROAD,DUNWOODY,33.944738,-84.332099
820,DEKALB,44052,919 MARTIN ROAD,STONE MOUNTAIN,33.769246,-84.179134
821,DEKALB,44048,"1886 NORTH DECATUR RD, NE",ATLANTA,33.792846,-84.314543
822,DEKALB,44056,2914 EVANS WOODS DRIVE,DORAVILLE,33.873369,-84.24088
823,DEKALB,44056,2914 EVANS WOODS DRIVE,DORAVILLE,33.873369,-84.24088
824,DEKALB,44435,303 4TH AVE,DECATUR,33.753239,-84.306991
825,DEKALB,44057,6133 REDAN ROAD,LITHONIA,33.74702,-84.146714
826,DEKALB,44058,5505 PHILLIP BRADLEY DR,LITHONIA,33.695711,-84.164467
827,DEKALB,44059,157 HEATON PARK DRIVE,ATLANTA,33.77853,-84.316691
828,DEKALB,44062,601 W PONCE DE LEON AVE,DECATUR,33.77545,-84.305019
829,DEKALB,44063,542 MORELAND AVE SE,ATLANTA,33.739641,-84.348632
830,DEKALB,44231,4649 GLENWOOD ROAD,DECATUR,33.736596,-84.228244
831,DEKALB,44065,1074 SOUTH INDIAN CREEK DRIVE,STONE MOUNTAIN,33.766378,-84.223441
832,DEKALB,44066,4540 FLAKES MILL ROAD,ELLENWOOD,33.654549,-84.230504
833,DEKALB,44215,4603 EVANS MILL RD,LITHONIA,33.65894,-84.160057
834,DEKALB,44067,3226 FLAT SHOALS ROAD,DECATUR,33.706338,-84.283757
835,DEKALB,44068,4022 FLAT SHOALS PARKWAY,DECATUR,33.691432,-84.258333
836,DEKALB,44071,505 SOUTH HAIRSTON ROAD,STONE MOUNTAIN,33.782258,-84.196326
837,DEKALB,44141,3434 PLEASANTDALE RD,DORAVILLE,33.888278,-84.227288
838,DEKALB,44074,1879 GLENWOOD AVE,ATLANTA,33.739169,-84.325641
839,DEKALB,44074,1879 GLENWOOD AVE,ATLANTA,33.739169,-84.325641
840,DEKALB,44072,4650 FLAT SHOALS PKWY,DECATUR,33.685552,-84.232522
841,DEKALB,44076,1101 HAMBRICK ROAD,STONE MOUNTAIN,33.809533,-84.204564
842,DEKALB,44424,"2535 CALADIUM DRIVE, NE",ATLANTA,33.860037,-84.27404
843,DEKALB,44079,2408 HENDERSON MILL RD,ATLANTA,33.856352,-84.258619
844,DEKALB,44079,2408 HENDERSON MILL RD,ATLANTA,33.856352,-84.258619
845,DEKALB,44082,1879 COLUMBIA DRIVE,DECATUR,33.735715,-84.253338
846,DEKALB,44086,"480 CLIFTON ST, SE",ATLANTA,33.742066,-84.331607
847,DEKALB,44305,2112 SEAMAN CIRCLE,CHAMBLEE,33.911559,-84.303002
848,DEKALB,44088,1484 IDLEWOOD ROAD,TUCKER,33.827852,-84.222458
849,DEKALB,44089,3901 ROCKBRIDGE RD,STONE MOUNTAIN ,33.786144,-84.232841
850,DEKALB,44110,2418 WOOD TRAIL LANE,DECATUR,33.802504,-84.29013
851,DEKALB,44110,2418 WOOD TRAIL LANE,DECATUR,33.802504,-84.29013
852,DEKALB,44110,2418 WOOD TRAIL LANE,DECATUR,33.802504,-84.29013
853,DEKALB,44090,2059 LAVISTA ROAD,ATLANTA,33.81466,-84.317993
854,DEKALB,44091,2071 HOSEA L WILLIAMS DR SE,ATLANTA,33.750721,-84.320735
855,DEKALB,44442,2630 SKYLAND DR,ATLANTA ,33.863214,-84.3152
856,DEKALB,44092,1070 OTELLO AVENUE,CLARKSTON,33.809857,-84.225906
857,DEKALB,44093,3411 KELLEY CHAPEL ROAD,DECATUR,33.684117,-84.215106
858,DEKALB,44094,2590 KELLEY LAKE ROAD,DECATUR,33.715889,-84.283886
859,DEKALB,44306,2051 BRENDON DRIVE,DUNWOODY,33.948195,-84.297146
860,DEKALB,44307,4896 N PEACHTREE RD,DUNWOODY,33.938892,-84.295596
861,DEKALB,44307,4896 N PEACHTREE RD,DUNWOODY,33.938892,-84.295596
862,DEKALB,44372,"1663 E NANCY CREEK DRIVE, NE",ATLANTA,33.915084,-84.324821
863,DEKALB,44099,"3801 BRIARCLIFF ROAD, NE",ATLANTA,33.845415,-84.286068
864,DEKALB,44100,3142 LAWRENCEVILLE HWY,TUCKER,33.833379,-84.244868
865,DEKALB,44100,3142 LAWRENCEVILLE HWY,TUCKER,33.833379,-84.244868
866,DEKALB,44006,6920 MAIN STREET,LITHONIA,33.710787,-84.108264
867,DEKALB,44102,2440 PHILLIPS ROAD,LITHONIA,33.724697,-84.129115
868,DEKALB,44195,4137 LIVSEY ROAD,TUCKER,33.868385,-84.21871
869,DEKALB,44104,5776 MARBUT ROAD,LITHONIA,33.730595,-84.152835
870,DEKALB,44105,1634 KNOB HILL DR NE,ATLANTA,33.829102,-84.319616
871,DEKALB,44429,586 CANDLER PARK DR  A,ATLANTA,33.769597,-84.340222
872,DEKALB,44112,3836 MIDVALE ROAD,TUCKER,33.857205,-84.234618
873,DEKALB,44218,2645 DEKALB MEDICAL PARKWAY,LITHONIA,33.709367,-84.14976
874,DEKALB,44218,2645 DEKALB MEDICAL PARKWAY,LITHONIA,33.709367,-84.14976
875,DEKALB,44114,2215 MILLER ROAD,DECATUR,33.723821,-84.183541
876,DEKALB,44333,"1680 CLAIRMONT PLACE, NE",ATLANTA,33.847314,-84.320113
877,DEKALB,44374,3995 ASHFORD DUNWOODY RD,ATLANTA,33.909981,-84.332296
878,DEKALB,44374,3995 ASHFORD DUNWOODY RD,ATLANTA,33.909981,-84.332296
879,DEKALB,44118,6015 OLD STONE MOUNTAIN ROAD,STONE MOUNTAIN,33.828032,-84.141612
880,DEKALB,44119,1983 BROCKETT ROAD,TUCKER,33.841753,-84.220837
881,DEKALB,44120,6775 SOUTH GODDARD ROAD,LITHONIA,33.65106,-84.127355
882,DEKALB,44122,3981 MCGILL DRIVE,DECATUR,33.666781,-84.226553
883,DEKALB,44433,1561 MCLENDON AVENUE NE,ATLANTA,33.764604,-84.336636
884,DEKALB,44433,1561 MCLENDON AVENUE NE,ATLANTA,33.764604,-84.336636
885,DEKALB,44108,923 VALLEY BROOK ROAD,DECATUR,33.805866,-84.267377
886,DEKALB,44123,8350 ROCKBRIDGE ROAD,LITHONIA,33.775468,-84.06529
887,DEKALB,44124,6400 WOODROW ROAD,LITHONIA,33.69895,-84.136447
888,DEKALB,44126,3592 FLAT SHOALS ROAD,DECATUR,33.703401,-84.269366
889,DEKALB,44310,5676 ROBERTS DRIVE,DUNWOODY,33.967469,-84.34012
890,DEKALB,44311,4805 TILLY MILL RD,DORAVILLE,33.936319,-84.286401
891,DEKALB,44131,1857 OAK GROVE ROAD,ATLANTA,33.83645,-84.288985
892,DEKALB,44209,3574 OAKVALE RD,DECATUR,33.679983,-84.268953
893,DEKALB,44132,3150 WILLOW OAK WAY,DORAVILLE,33.903653,-84.259276
894,DEKALB,44133,222 EAST LAKE DR,DECATUR,33.763105,-84.310815
895,DEKALB,44135,3261 PANOLA ROAD,LITHONIA,33.691194,-84.176101
896,DEKALB,44136,2170 PANOLA WAY COURT,LITHONIA,33.728731,-84.169325
897,DEKALB,44229,4000 COVINGTON HWY,DECATUR,33.756898,-84.235458
898,DEKALB,44412,1530 JOY LANE,DECATUR,33.747637,-84.246275
899,DEKALB,44412,1530 JOY LANE,DECATUR,33.747637,-84.246275
900,DEKALB,44312,4664 N PEACHTREE ROAD,DUNWOODY,33.930974,-84.296984
901,DEKALB,44312,4664 N PEACHTREE ROAD,DUNWOODY,33.930974,-84.296984
902,DEKALB,44216,1321 SOUTH DESHON RD,LITHONIA,33.761441,-84.114734
903,DEKALB,44142,2801 KELLEY CHAPEL ROAD,DECATUR,33.704762,-84.225149
904,DEKALB,44143,2778 SNAPFINGER ROAD,DECATUR,33.701441,-84.208251
905,DEKALB,44144,1914 S STONE MOUNTAIN-LIT RD,LITHONIA,33.745396,-84.135693
906,DEKALB,44145,1775 YOUNG ROAD,LITHONIA,33.741248,-84.157577
907,DEKALB,44146,1569 WELLBORN ROAD,LITHONIA,33.745676,-84.142249
908,DEKALB,44061,5234 LAVISTA RD,TUCKER,33.857296,-84.208565
909,DEKALB,44148,220 WEST COLLEGE AVENUE,DECATUR,33.76808,-84.299038
910,DEKALB,44077,385 GLENDALE ROAD,SCOTTDALE,33.786081,-84.254888
911,DEKALB,44149,1130 ROCK CHAPEL ROAD,LITHONIA,33.759779,-84.080034
912,DEKALB,44149,1130 ROCK CHAPEL ROAD,LITHONIA,33.759779,-84.080034
913,DEKALB,44150,5135 MEMORIAL DRIVE,STONE MOUNTAIN,33.79479,-84.225337
914,DEKALB,44427,445 HALWICK WAY,STONE MOUNTAIN ,33.788567,-84.197807
915,DEKALB,44202,2162 SECOND AVE,DECATUR,33.727232,-84.306801
916,DEKALB,44202,2162 SECOND AVE,DECATUR,33.727232,-84.306801
917,DEKALB,44222,"1804 BOULDERCREST RD,SE",ATLANTA,33.704889,-84.326848
918,DEKALB,44152,1317 S INDIAN CREEK DR,STONE MOUNTAIN,33.757665,-84.22272
919,DEKALB,44153,1865 ALDERBROOK RD NE,ATLANTA,33.832587,-84.304497
920,DEKALB,44325,"240 CANDLER RD, SE-GYMNASIUM A",ATLANTA,33.745453,-84.290068
921,DEKALB,44419,"240 CANDLER RD, SE GYMNASIUM B",ATLANTA ,33.745453,-84.290068
922,DEKALB,44155,5333 SALEM ROAD,LITHONIA,33.676957,-84.172109
923,DEKALB,44156,1040 KINGWAY DRIVE,LITHONIA,33.763905,-84.144696
924,DEKALB,44159,5901 HUGH HOWELL RD,STONE MOUNTAIN,33.830212,-84.157875
925,DEKALB,44160,1365 SNAPFINGER ROAD,DECATUR,33.731876,-84.246505
926,DEKALB,44434,4065 SNAPFINGER RD,LITHONIA,33.662778,-84.193724
927,DEKALB,44378,3110 ASHFORD DUNWOODY RD,ATLANTA,33.88009,-84.329083
928,DEKALB,44164,1704 S STONE MTN-LITHONIA ROAD,LITHONIA,33.747722,-84.145161
929,DEKALB,44217,"1790 LAVISTA RD.,NE",ATLANTA,33.816891,-84.328314
930,DEKALB,44165,701 STEPHENSON ROAD,STONE MOUNTAIN,33.773417,-84.124627
931,DEKALB,44166,922 STEPHENSON ROAD,STONE MOUNTAIN,33.77417,-84.116043
932,DEKALB,44167,4900 SHEILA LANE,STONE MOUNTAIN,33.815385,-84.189651
933,DEKALB,44210,6720 JAMES B RIVERS DR,STONE MOUNTAIN,33.81322,-84.167156
934,DEKALB,44211,4301 SARR PARKWAY,STONE MOUNTAIN,33.832881,-84.212056
935,DEKALB,44417,3123 KLONDIKE ROAD,LITHONIA,33.694316,-84.109761
936,DEKALB,44169,2629 HUBER STREET,LITHONIA,33.707539,-84.119753
937,DEKALB,44170,4228 GLENHAVEN DRIVE,DECATUR,33.744397,-84.217374
938,DEKALB,44171,724 ROCK CHAPEL ROAD,LITHONIA,33.769958,-84.073944
939,DEKALB,44301,5067 CHAMBLEE DUNWOODY ROAD,DUNWOODY,33.937706,-84.325006
940,DEKALB,44103,735 SYCAMORE DRIVE,DECATUR,33.783075,-84.282263
941,DEKALB,44175,300 CLUB HOUSE DR,PINE LAKE,33.786588,-84.206538
942,DEKALB,44177,2701 OAKLAND TERRACE,DECATUR,33.727279,-84.27828
943,DEKALB,44147,2397 FOURTH ST,TUCKER,33.855337,-84.212726
944,DEKALB,44376,"1375 FERNWOOD CIRCLE, NE",ATLANTA,33.85958,-84.334713
945,DEKALB,44157,1198 N VALLEY BROOK ROAD,DECATUR,33.813456,-84.267078
946,DEKALB,44157,1198 N VALLEY BROOK ROAD,DECATUR,33.813456,-84.267078
947,DEKALB,44183,1170 NORTH HAIRSTON ROAD,STONE MOUNTAIN,33.813322,-84.194565
948,DEKALB,44098,3039 SANTA MONICA DRIVE,DECATUR,33.743847,-84.26552
949,DEKALB,44185,3075 ALTON ROAD,CHAMBLEE,33.879859,-84.263027
950,DEKALB,44188,5171 REDAN ROAD,STONE MOUNTAIN,33.758802,-84.180809
951,DEKALB,44187,2861 WESLEY CHAPEL ROAD,DECATUR,33.704367,-84.221175
952,DEKALB,44193,4120 CEDAR RIDGE TRAIL,STONE MOUNTAIN,33.742274,-84.200821
953,DEKALB,44203,440 WICKSBURY WAY,STONE MOUNTAIN,33.788374,-84.111004
954,DODGE,45002,4980 HWY 341,CHANUCEY,32.103691,-83.061205
955,DODGE,45003,104 CHESTER AVE N,CHESTER,32.394667,-83.153507
956,DODGE,45004,27 JOINER CREEK RD,HELENA,32.157989,-82.936359
957,DODGE,45008,3181 ANTIOCH CHURCH RD,EASTMAN,32.267105,-83.311076
958,DODGE,45009,28 RAILROAD AVENUE,COCHRAN,32.340678,-83.298045
959,DODGE,45010,70 JAYBIRD SPRINGS RD,CHAUNCEY,32.109364,-83.026296
960,DODGE,45011,1112 NEW UNION CHURCH RD,EASTMAN,32.21348,-83.082302
961,DODGE,45012,2378 CHAUNCEY-RHINE HIGHWAY,EASTMAN,32.057283,-83.131889
962,DODGE,45013,32 SEABORN ST,MILAN,0,0
963,DODGE,45014,7 JIM ROSS RD,EASTMAN,32.097899,-83.248763
964,DODGE,45015,6 FIREHOUSE RD,EASTMAN,32.287216,-83.113432
965,DODGE,45016,1309 BELL LINE ROAD,EASTMAN,32.285493,-83.210959
966,DODGE,45017,252 2ND ST,RHINE,31.989293,-83.210227
967,DODGE,45005,1670 COLLEGE ST,EASTMAN,32.17619,-83.162068
968,DODGE,45018,4212 RHINE HIGHWAY,EASTMAN,32.079497,-83.178043
969,DODGE,45019,2132 EMPIRE-CHESTER HIGHWAY,COCHRAN,32.352411,-83.234696
970,DOOLY,46002,526 CENTRAL AVENUE,BYROMVILLE,32.202355,-83.907052
971,DOOLY,46006,220 HIGHWAY 90,LILLY,32.146562,-83.877883
972,DOOLY,46015,285 FULLINGTON AVENUE,PINEHURST,32.194828,-83.761178
973,DOOLY,46009,563 W RAILROAD ST,UNADILLA,32.263111,-83.735365
974,DOOLY,46016,402 HAWKINSVILLE ROAD,VIENNA,32.09606,-83.779915
975,DOUGHERTY,47074,1700 CORDELL AVE,ALBANY,31.591533,-84.109438
976,DOUGHERTY,47017,1425 W OAKRIDGE DRIVE,ALBANY,31.550881,-84.191736
977,DOUGHERTY,47016,1028 MCKINLEY ST,ALBANY,31.590449,-84.16572
978,DOUGHERTY,47019,505 BYRON PLANTATION RD,ALBANY,31.602923,-84.277137
979,DOUGHERTY,47009,2126 W EDGEWATER DR,ALBANY,31.600892,-84.202928
980,DOUGHERTY,47068,2400 GILLIONVILLE ROAD,ALBANY,31.580325,-84.213707
981,DOUGHERTY,47002,416 N WESTOVER BLVD,ALBANY,31.603127,-84.219906
982,DOUGHERTY,47003,3404 GILLIONVILLE ROAD,ALBANY,31.585061,-84.238508
983,DOUGHERTY,47004,2234 CUTTS AVE,ALBANY,31.554043,-84.099945
984,DOUGHERTY,47023,1305 E 2ND AVE,ALBANY,31.586952,-84.121483
985,DOUGHERTY,47005,1215 LILY POND RD,ALBANY,31.514781,-84.169042
986,DOUGHERTY,47007,1129 WHITNEY AVE,ALBANY,31.572794,-84.178717
987,DOUGHERTY,47032,302 VICK ST,ALBANY,31.551249,-84.131916
988,DOUGHERTY,47014,1601 FLORENCE DR,ALBANY,31.587208,-84.18838
989,DOUGHERTY,47020,120 SUNSET LN,ALBANY,31.551408,-84.133011
990,DOUGHERTY,47024,1905 M L KING JR DR,ALBANY,31.554546,-84.155947
991,DOUGHERTY,47018,1600 PALMYRA RD,ALBANY,31.599013,-84.164841
992,DOUGHERTY,47022,2410 SYLVESTER RD,ALBANY,31.573679,-84.092358
993,DOUGHERTY,47006,311 W 3RD AVE,ALBANY,31.590651,-84.154998
994,DOUGHERTY,47021,499 PINE BLUFF RD,ALBANY,31.586442,-84.07355
995,DOUGHERTY,47013,1125 ANTIOCH RD,ALBANY,31.475543,-84.127223
996,DOUGHERTY,47026,2600 RADIUM SPRINGS RD,ALBANY,31.518351,-84.12778
997,DOUGHERTY,47028,1010 OLD PETORIA RD,ALBANY,31.522264,-84.227829
998,DOUGHERTY,47025,2200 BARNESDALE WY,ALBANY,31.607198,-84.199868
999,DOUGHERTY,47052,325 WHITNEY AVE,ALBANY,31.572579,-84.15557
1000,DOUGHERTY,47072,2001 LEONARD AVE,ALBANY,31.577593,-84.099992
1001,DOUGHERTY,47027,2600 PARTRIDGE DR,ALBANY,31.590022,-84.217977
1002,DOUGHERTY,47010,1113 UNIVERSITY AVE,ALBANY,31.562427,-84.20366
1003,DOUGLAS,48035,6903 JAMES D. SIMPSON AVE,DOUGLASVILLE,33.7574,-84.756023
1004,DOUGLAS,48022,6754 CHURCH STREET,DOUGLASVILLE,33.748999,-84.750466
1005,DOUGLAS,48012,11495 VETERANS MEMORIAL HW,DOUGLASVILLE,33.778798,-84.703173
1006,DOUGLAS,48024,8138 MALONE STREET,DOUGLASVILE,33.757423,-84.748376
1007,DOUGLAS,48021,9999 PARKWAY SOUTH,DOUGLASVILLE,33.712233,-84.751399
1008,DOUGLAS,48013,3715 BRIGHT STAR RD,DOUGLASVILLE,33.704914,-84.788083
1009,DOUGLAS,48014,5866 DORSETT SHOALS RD,DOUGLASVILLE,33.682407,-84.766088
1010,DOUGLAS,48015,3989 CHAPEL HILL RD,DOUGLASVILLE,33.695835,-84.717019
1011,DOUGLAS,48016,5357 CHAPEL HILL RD,DOUGLASVILLE,33.659223,-84.714951
1012,DOUGLAS,48017,2544 POPE RD,DOUGLASVILLE,33.736939,-84.691788
1013,DOUGLAS,48018,5400 STEWART MILL RD,DOUGLASVILLE,33.709928,-84.7522
1014,DOUGLAS,48036,3099 CHAPEL HILL RD,DOUGLASVILLE,33.721704,-84.725656
1015,DOUGLAS,48029,5900 PRESTLEY MILL RD,DOUGLASVILLE,33.734769,-84.7273
1016,DOUGLAS,48019,3301 SHOALS SCHOOL RD,DOUGLASVILLE,33.723658,-84.650036
1017,DOUGLAS,48028,5000 GEORGIA HIGHWAY 92,DOUGLASVILLE,33.667861,-84.662027
1018,DOUGLAS,48001,2613 TYSON RD,VILLA RICA,33.734184,-84.878738
1019,DOUGLAS,48002,13691 VETERANS MEMORIAL HW,WINSTON,33.728526,-84.818999
1020,DOUGLAS,48032,6100 GA. HIGHWAY 5,DOUGLASVILLE,33.641399,-84.831272
1021,DOUGLAS,48004,2960 SKYVIEW DR,LITHIA SPRINGS,33.782109,-84.638643
1022,DOUGLAS,48005,8445 EPHESUS CHURCH RD,VILLA RICA,33.710037,-84.852533
1023,DOUGLAS,48033,4979 GA. HIGHWAY 5,DOUGLASVILLE,33.670723,-84.80711
1024,DOUGLAS,48007,7101 JUNIOR HIGH DR,LITHIA SPRINGS,33.785319,-84.65963
1025,DOUGLAS,48034,10531 VETERAN MEMORIAL HWY,LITHIA SPRINGS,33.795671,-84.65686
1026,DOUGLAS,48027,2520 EAST COUNTY LINE RD,LITHIA SPRINGS,33.756199,-84.65788
1027,DOUGLAS,48010,2105 MACK RD,DOUGLASVILLE,33.749208,-84.684359
1028,EARLY,49002,34 SHEFFIELD ST,CEDAR SPRINGS,31.184254,-85.036545
1029,EARLY,49004,1030 BATES RD,BLAKELY,31.287495,-84.848201
1030,EARLY,49004,1030 BATES RD,BLAKELY,31.287495,-84.848201
1031,EARLY,49006,17 MCDONALD AVE.,BLAKELY,31.378442,-84.933256
1032,EARLY,49011,13750 HWY 45,ARLINGTON,31.383741,-84.713012
1033,EARLY,49012,30089 HWY 39,BLAKELY,31.453177,-84.99135
1034,EARLY,49012,30089 HWY 39,BLAKELY,31.453177,-84.99135
1035,EARLY,49012,30089 HWY 39,BLAKELY,31.453177,-84.99135
1036,ECHOLS,50001,148 CHURCH OF GOD STREET,STATENVILLE,30.705524,-83.023227
1037,EFFINGHAM,51016,1984 GA HIGHWAY 21 N,SPRINGFIELD,32.395193,-81.339819
1038,EFFINGHAM,51012,812 BLUE JAY RD.,RINCON,32.273962,-81.275708
1039,EFFINGHAM,51024,1952 NOEL C CONAWAY RD,GUYTON,32.189203,-81.311875
1040,EFFINGHAM,51003,545 FAIR STREET,CLYO,32.475741,-81.258238
1041,EFFINGHAM,51007,184 5TH ST,EGYPT,32.462471,-81.473251
1042,EFFINGHAM,51008,144 ZEIGLER RD,BLOOMINGDALE,32.146008,-81.336725
1043,EFFINGHAM,51010,5835 GA HIGHWAY 21 S,RINCON,32.259535,-81.21805
1044,EFFINGHAM,51014,1004 LEXINGTON AVENUE,RINCON,32.304015,-81.232286
1045,EFFINGHAM,51023,4752 GA HIGHWAY 17 S,GUYTON,32.207981,-81.364922
1046,EFFINGHAM,51015,229 OHOOPEE AVE,MELDRIM,32.142254,-81.378827
1047,EFFINGHAM,51006,810 CENTRAL AVE.,GUYTON,32.341945,-81.39973
1048,EFFINGHAM,51021,131 ELKINS ST.,GUYTON,32.29327,-81.389701
1049,EFFINGHAM,51019,305 WEISENBAKER ROAD,RINCON,32.283649,-81.228449
1050,EFFINGHAM,51020,3430 GA HIGHWAY 21 S,RINCON,32.317524,-81.24836
1051,EFFINGHAM,51018,1931 SANDHILL RD,GUYTON,32.223281,-81.402056
1052,EFFINGHAM,51005,101 CLEVELAND ST,SPRINGFIELD,32.369679,-81.311473
1053,EFFINGHAM,51017,155 GOSHEN RD,RINCON,32.247906,-81.214395
1054,ELBERT,52001,209 E RAILROAD ST,BOWMAN,34.202662,-83.020308
1055,ELBERT,52002,1010 CENTERVILLLE RD,ELBERTON,34.206402,-82.892082
1056,ELBERT,52004,1923 PULLIAM MILL RD,DEWY ROSE,34.171864,-82.951948
1057,ELBERT,52005,45 FOREST AVENUE,ELBERTON,34.111769,-82.870828
1058,ELBERT,52006,2130 DR. GEORGE WARD RD.,ELBERTON,34.014777,-82.780055
1059,ELBERT,52007,1065 LONGSTREET RD.,ELBERTON,34.058902,-82.729444
1060,ELBERT,52010,3957 BRAD DIXON RD.,ELBERTON,34.015362,-82.622342
1061,ELBERT,52011,2980 ROCK BRANCH RD.,ELBERTON,34.245694,-82.805285
1062,ELBERT,52008,1680 G R HAYES DR,ELBERTON,34.104845,-82.853724
1063,ELBERT,52009,1732 ATHENS HIGHWAY,ELBERTON,34.091598,-82.926201
1064,ELBERT,52012,2122 WYCHE CIRCLE,ELBERTON,34.034835,-82.867928
1065,EMANUEL,53026,107 NORA BLVD,ADRIAN,32.537286,-82.590053
1066,EMANUEL,53006,28 OAK CHAPEL ROAD,KITE,32.688081,-82.449008
1067,EMANUEL,53001,2569 CANOOCHEE GARFIELD RD,TWIN CITY,32.672537,-82.179362
1068,EMANUEL,53012,723 WADLEY COLEMAN LAKE ROAD,MIDVILLE,32.798984,-82.376231
1069,EMANUEL,53002,301 MONROE ST.,GARFIELD,32.19956,-82.31266
1070,EMANUEL,53027,17 ALCOTT DR.,NUNEZ,32.493848,-82.343809
1071,EMANUEL,53040,3866 HARRINGTON ST,OAK PARK,32.358095,-82.313921
1072,EMANUEL,53016,306 N. 1ST STREET,STILLMORE,32.441307,-82.217448
1073,EMANUEL,53015,37 SUMMERTOWN MAIN ST.,SUMMERTOWN,0,0
1074,EMANUEL,53007,220 S CIRCLE DR,SWAINSBORO,32.587269,-82.321525
1075,EMANUEL,53009,105 CIRCLE DR.,TWIN CITY,32.428481,-81.738116
1076,EVANS,54014,818 W. MAIN ST.,CLAXTON,32.16038,-81.921046
1077,FANNIN,55004,221 SCHOOL HOUSE RD,EPWORTH,34.950346,-84.38763
1078,FANNIN,55005,440 WEST FIRST ST,BLUE RIDGE,34.8672,-84.325764
1079,FANNIN,55010,8578 LAKEWOOD HWY,MINERAL BLUFF,34.914151,-84.276778
1080,FANNIN,55008,4793 HWY 2,BLUE RIDGE,34.894586,-84.434984
1081,FANNIN,55006,27298 MORGANTON HWY,SUCHES,34.741548,-84.135375
1082,FANNIN,55015,6161 MURPHY HWY,MINERAL BLUFF,34.975471,-84.200299
1083,FANNIN,55012,58 MARCH LN OFF MAXWELL RD,BLUE RIDGE,34.845917,-84.382628
1084,FANNIN,55014,860 SALEM RD,MINERAL BLUFF,34.954778,-84.303632
1085,FANNIN,55001,12520 ASKA RD,BLUE RIDGE,34.755669,-84.234971
1086,FANNIN,55007,13320 APPALACHIAN HWY,MORGANTON,34.888646,-84.168366
1087,FANNIN,55003,44 LAKE DR,MORGANTON,34.874653,-84.245164
1088,FANNIN,55013,4772 MOBILE RD,MCCAYSVILLE,34.965683,-84.429555
1089,FAYETTE,56001,310 CORINTH ROAD,JONESBORO,33.488614,-84.414231
1090,FAYETTE,56038,607 RIVERS ROAD,FAYETTEVILLE,33.528075,-84.542587
1091,FAYETTE,56002,975 ROBINSON ROAD,PEACHTREE CITY,33.37016,-84.537049
1092,FAYETTE,56003,119 MORGAN MILL ROAD,BROOKS,33.30626,-84.466506
1093,FAYETTE,56004,101 PEACHTREE PKWY NORTH,PEACHTREE CITY,33.407596,-84.56977
1094,FAYETTE,56030,400 WINDGATE RD,PEACHTREE CITY,33.39744,-84.56558
1095,FAYETTE,56042,400 WINDGATE RD,PEACHTREE CITY  ,33.39744,-84.56558
1096,FAYETTE,56006,205 STONEWALL AVENUE EAST,FAYETTEVILLE,33.446818,-84.453012
1097,FAYETTE,56007,175 EAST LANIER AVENUE,FAYETTEVILLE,33.44814,-84.453372
1098,FAYETTE,56008,1821 HERITAGE PARK WAY,FAYETTEVILLE,33.446016,-84.456919
1099,FAYETTE,56009,114 HICKORY ROAD,FAYETTEVILLE,33.486149,-84.468546
1100,FAYETTE,56033,870 REDWINE ROAD,FAYETTEVILLE,33.427625,-84.461651
1101,FAYETTE,56010,208 WILLOWBEND ROAD,PEACHTREE CITY,33.398949,-84.584181
1102,FAYETTE,56012,601 STEVENS ENTRY,PEACHTREE CITY,33.405649,-84.56387
1103,FAYETTE,56013,164 FLAT CREEK TRAIL,FAYETTEVILLE,33.447242,-84.543799
1104,FAYETTE,56014,1183 HWY 92 SOUTH,FAYETTEVILLE,33.40258,-84.443501
1105,FAYETTE,56016,101 WALT BANKS RD,PEACHTREE CITY,33.418023,-84.560302
1106,FAYETTE,56017,351 JENKINS ROAD,TYRONE,33.496026,-84.573598
1107,FAYETTE,56018,202 FIELDHOUSE DRIVE,PEACHTREE CITY,33.432847,-84.595165
1108,FAYETTE,56019,205 LAFAYETTE AVE,FAYETTEVILLE,33.451237,-84.45829
1109,FAYETTE,56020,1077 HWY 314,FAYETTEVILLE,33.531167,-84.448559
1110,FAYETTE,56021,352 MCDONOUGH ROAD,FAYETTEVILLE,33.458931,-84.401008
1111,FAYETTE,56027,1091 SOUTH JEFF DAVIS DRIVE,FAYETTEVILLE,33.42373,-84.409144
1112,FAYETTE,56023,551 NEW HOPE ROAD,FAYETTEVILLE,33.491785,-84.466364
1113,FAYETTE,56024,409 KENWOOD ROAD,FAYETTEVILLE,33.509911,-84.455294
1114,FAYETTE,56025,847 NEW HOPE ROAD,FAYETTEVILLE,33.507734,-84.482696
1115,FAYETTE,56026,200 LOG HOUSE ROAD,PEACHTREE CITY,33.379764,-84.544365
1116,FAYETTE,56015,2130 REDWINE ROAD,FAYETTEVILLE,33.366944,-84.51839
1117,FAYETTE,56028,500 KEDRON DRIVE,PEACHTREE CITY,33.418765,-84.602761
1118,FAYETTE,56029,201 WILLOW BEND ROAD,PEACHTREE CITY,33.399055,-84.583097
1119,FAYETTE,56032,183 PANTHER PATH,FAYETTEVILLE,33.342107,-84.519566
1120,FAYETTE,56034,1332 HWY 92 SOUTH,FAYETTEVILLE,33.394498,-84.433209
1121,FAYETTE,56035,203 MCINTOSH TRAIL,PEACHTREE CITY,33.38372,-84.569062
1122,FAYETTE,56022,103 OLD NORTON ROAD,FAYETTEVILLE,33.448988,-84.503108
1123,FAYETTE,56011,143 COMMERCE DRIVE,TYRONE,33.476117,-84.593936
1124,FAYETTE,56036,115 HAMPTON ROAD,FAYETTEVILLE,33.355929,-84.42163
1125,FLOYD,57001,528 BURNETT FERRY RD,ROME,34.259745,-85.233915
1126,FLOYD,57035,2901 GARDEN LAKES BLVD NW,ROME,34.285343,-85.239115
1127,FLOYD,57003,6648 BIG TEXAS VALLEY RD,ROME,34.393883,-85.227646
1128,FLOYD,57032,10 B GEORGIA AVENUE,CAVE SPRING,34.107179,-85.332885
1129,FLOYD,57006,4454 ALABAMA HWY NW,COOSA,0,0
1130,FLOYD,57009,314 BURNETT FERRY RD,ROME,34.263683,-85.225363
1131,FLOYD,57010,111 MORRIS RD,ROME,34.105921,-85.101636
1132,FLOYD,57026,16 E 12TH STREET,ROME,34.237182,-85.17355
1133,FLOYD,57012,1469 FLOYD SPRINGS RD,ROME,34.411076,-85.158142
1134,FLOYD,57017,2200 REDMOND CIRCLE NW,ROME,34.283852,-85.226999
1135,FLOYD,57013,106 GARDEN AVE S.E.,LINDALE,34.18687,-85.176817
1136,FLOYD,57014,112 LOMBARDY WAY,ROME,34.222442,-85.16246
1137,FLOYD,57015,436 BRANHAM AVE,ROME,34.245663,-85.183342
1138,FLOYD,57008,2341 EVERETT SPRINGS RD,ARMUCHEE,34.500134,-85.115838
1139,FLOYD,57018,5385 MARTHA BERRY HWY,ROME,34.373852,-85.173339
1140,FLOYD,57042,400 CIVIC CENTER DRIVE,ROME,34.261546,-85.167071
1141,FLOYD,57020,3126 CEDARTOWN HWY,ROME,34.17308,-85.209301
1142,FLOYD,57011,48 ASH STREET,ROME,34.283671,-85.160927
1143,FLOYD,57004,400 CIVIC CENTER DIVE,ROME,34.261546,-85.167071
1144,FLOYD,57021,40 MINSHEW ROAD,SHANNON,0,0
1145,FLOYD,57039,1325 KINGSTON ROAD,ROME,34.26014,-85.136826
1146,FLOYD,57023,2767 CHULIO ROAD,ROME,34.201229,-85.083505
1147,FLOYD,57019,102 NORTH FLOYD PARK RD,ROME,34.34279,-85.16974
1148,FLOYD,57024,2632 CEDARTOWN HWY SW,ROME,34.188183,-85.204616
1149,FLOYD,57025,146 LIVINGSTON RD,ROME,34.195605,-85.294855
1150,FORSYTH,58041,5395 KEITH BRIDGE RD,CUMMING,34.286214,-84.036414
1151,FORSYTH,58001,200 JAMES RD,ALPHARETTA,34.127062,-84.246246
1152,FORSYTH,58002,2300 KEITH BRIDGE RD,CUMMING,34.246913,-84.097217
1153,FORSYTH,58034,3560 SETTINGDOWN RD,CUMMING,34.271452,-84.091593
1154,FORSYTH,58006,6905 CONCORD RD,CUMMING,34.330482,-84.121511
1155,FORSYTH,58004,100 MAIN ST,CUMMING,34.207331,-84.139541
1156,FORSYTH,58033,1597 SAWNEE DR,CUMMING,34.224984,-84.148843
1157,FORSYTH,58009,2100 PEACHTREE PKWY,CUMMING,34.111403,-84.181141
1158,FORSYTH,58038,4110 CAROLENE WAY,CUMMING,34.151597,-84.210586
1159,FORSYTH,58011,6755 MAJORS RD,CUMMING,34.165706,-84.205722
1160,FORSYTH,58005,5345 SETTINGDOWN RD,CUMMING,34.305289,-84.067629
1161,FORSYTH,58039,6910 MCGINNIS FERRY RD,ALPHARETTA,34.070302,-84.176054
1162,FORSYTH,58014,1979 BUFORD HWY,CUMMING,34.158738,-84.109232
1163,FORSYTH,58032,5100 POST RD,CUMMING,34.202362,-84.218636
1164,FORSYTH,58040,810 NICHOLS RD,SUWANEE,34.107944,-84.14296
1165,FORSYTH,58021,5745 OLDE ATLANTA PKWY,SUWANEE,34.081684,-84.123042
1166,FORSYTH,58037,1605 CANTON HWY,CUMMING,34.239062,-84.176824
1167,FORSYTH,58027,3995 WATSON RD,CUMMING,34.259258,-84.216083
1168,FORSYTH,58035,1950 SHARON RD,CUMMING,34.116768,-84.164289
1169,FORSYTH,58031,4444 FRONT NINE DR,CUMMING,34.13571,-84.12306
1170,FRANKLIN,59003,5071 HWY 17 P O BOX 159,CANON,34.344701,-83.1099
1171,FRANKLIN,59007,9265 LAVONIA RD,CARNESVILLE,34.36777,-83.240281
1172,FRANKLIN,59005,4747 HWY 198,CARNESVILLE,34.388262,-83.347461
1173,FRANKLIN,59011,39 POOLE ST,LAVONIA,34.435451,-83.102961
1174,FRANKLIN,59009,1333 PLEASANT HILL RD,MARTIN,34.46541,-83.134188
1175,FRANKLIN,59016,310 RAILROAD ST,ROYSTON,34.286225,-83.109488
1176,FRANKLIN,59017,3058 SANDY CROSS RD,ROYSTON,34.28957,-83.229645
1177,FULTON,60602,"650 MT. VERNON HWY, NE",ATLANTA,33.928392,-84.36488
1178,FULTON,60602,"650 MT. VERNON HWY, NE",ATLANTA,33.928392,-84.36488
1179,FULTON,60310,"2715 PEACHTREE RD NE, FAM LIFE",ATLANTA,33.829406,-84.383881
1180,FULTON,60310,"2715 PEACHTREE RD NE, FAM LIFE",ATLANTA,33.829406,-84.383881
1181,FULTON,60310,"2715 PEACHTREE RD NE, FAM LIFE",ATLANTA,33.829406,-84.383881
1182,FULTON,60801,"1620 DELOWE DRIVE, SW",ATLANTA,33.710095,-84.463447
1183,FULTON,60834,285 SHERIDAN DRIVE,ATLANTA,33.831708,-84.378703
1184,FULTON,60834,285 SHERIDAN DRIVE,ATLANTA,33.831708,-84.378703
1185,FULTON,60828,4055 FLAT SHOALS ROAD,UNION,33.779335,-85.013502
1186,FULTON,60828,4055 FLAT SHOALS ROAD,UNION,33.779335,-85.013502
1187,FULTON,60828,4055 FLAT SHOALS ROAD,UNION,33.779335,-85.013502
1188,FULTON,60828,4055 FLAT SHOALS ROAD,UNION,33.779335,-85.013502
1189,FULTON,60828,4055 FLAT SHOALS ROAD,UNION,33.779335,-85.013502
1190,FULTON,60828,4055 FLAT SHOALS ROAD,UNION,33.779335,-85.013502
1191,FULTON,60881,66 BROOKS VIEW DRIVE,FAIRBURN,33.561233,-84.587049
1192,FULTON,60361,5575 ABBOTTS BRIDGE RD,DULUTH,34.056029,-84.197289
1193,FULTON,60746,254 JOHNSON FERRY RD,SANDY SPRINGS,33.935037,-84.391597
1194,FULTON,60746,254 JOHNSON FERRY RD,SANDY SPRINGS,33.935037,-84.391597
1195,FULTON,60746,254 JOHNSON FERRY RD,SANDY SPRINGS,33.935037,-84.391597
1196,FULTON,60756,2231 CAMPBELLTON RD,ATLANTA,33.705539,-84.461658
1197,FULTON,60756,2231 CAMPBELLTON RD,ATLANTA,33.705539,-84.461658
1198,FULTON,60803,1625 JOSEPH E BOONE BLVD NW,ATLANTA,33.764642,-84.441932
1199,FULTON,60225,12624 BROADWELL ROAD,ALPHARETTA,34.089219,-84.339931
1200,FULTON,60225,12624 BROADWELL ROAD,ALPHARETTA,34.089219,-84.339931
1201,FULTON,60225,12624 BROADWELL ROAD,ALPHARETTA,34.089219,-84.339931
1202,FULTON,60010,192 MAYFIELD ROAD,ALPHARETTA,34.081694,-84.301598
1203,FULTON,60206,3595 WEBB BRIDGE RD,ATLANTA,34.075161,-84.255374
1204,FULTON,60206,3595 WEBB BRIDGE RD,ATLANTA,34.075161,-84.255374
1205,FULTON,60206,3595 WEBB BRIDGE RD,ATLANTA,34.075161,-84.255374
1206,FULTON,60759,10 PARK PLAZA,ALPHARETTA,34.074015,-84.292321
1207,FULTON,60853,201 WILLS RD,ALPHARETTA,34.074477,-84.312465
1208,FULTON,60013,540 CAMERON ALEX. BLVD.,ATLANTA,33.752112,-84.519749
1209,FULTON,60013,540 CAMERON ALEX. BLVD.,ATLANTA,33.752112,-84.519749
1210,FULTON,60869,1614 ARTHUR LANGFORD JR PL SW,ATLANTA,33.713718,-84.395263
1211,FULTON,60871,3353 MT OLIVE RD,ATLANTA,33.66421,-84.477719
1212,FULTON,60892,130 WEST PACES FERRY RD NW,ATLANTA,33.841078,-84.387376
1213,FULTON,60021,4110 OLD ALABAMA ROAD,ALPHARETTA,34.01893,-84.24049
1214,FULTON,60021,4110 OLD ALABAMA ROAD,ALPHARETTA,34.01893,-84.24049
1215,FULTON,60743,3900 AVIATION CIRCLE NW,ATLANTA,33.773008,-84.516282
1216,FULTON,60705,6015 FELDWOOD ROAD,COLLEGE PARK,33.591299,-84.516072
1217,FULTON,60023,9425 BARNWELL RD,ALPHARETTA,34.010762,-84.250961
1218,FULTON,60706,7415 HERNDON RD,ATLANTA,33.555945,-84.624432
1219,FULTON,60706,7415 HERNDON RD,ATLANTA,33.555945,-84.624432
1220,FULTON,60267,2257 BOLLINGBROOK DR SW,ATLANTA,33.735337,-84.462544
1221,FULTON,60267,2257 BOLLINGBROOK DR SW,ATLANTA,33.735337,-84.462544
1222,FULTON,60887,3689 CAMPBELLTON RD SW,ATLANTA,33.690521,-84.509754
1223,FULTON,60051,200 CASSANOVA ST SE,ATLANTA,33.716477,-84.37234
1224,FULTON,60028,291 HAMILTON E HOLMES DR NW.,ATLANTA,33.763022,-84.469191
1225,FULTON,60028,291 HAMILTON E HOLMES DR NW.,ATLANTA,33.763022,-84.469191
1226,FULTON,60866,5925 OLD CARRIAGE DR, ATLANTA,33.592849,-84.480317
1227,FULTON,60542,894 CONSTITUTION ROAD SE,ATLANTA,33.693701,-84.360632
1228,FULTON,60222,14865 BIRMINGHAM HWY,MILTON,34.145004,-84.34118
1229,FULTON,60222,14865 BIRMINGHAM HWY,MILTON,34.145004,-84.34118
1230,FULTON,60870,2268 ADAMS DRIVE,ATLANTA,33.817187,-84.455517
1231,FULTON,60873,2885 CHURCH ST, EAST POINT,33.677462,-84.445695
1232,FULTON,60166,2741 HOWELL MILL RD NW,ATLANTA,33.830885,-84.415866
1233,FULTON,60145,3250 HAMMARSKJOLD DR,EAST POINT,33.646889,-84.496747
1234,FULTON,60033,269 BUCKHEAD AVE NE,ATLANTA,33.837803,-84.379061
1235,FULTON,60891,3110 ROSWELL RD NE,ATLANTA,33.840326,-84.379934
1236,FULTON,60168,2945 BURDETT RD,ATLANTA,33.595409,-84.483671
1237,FULTON,60168,2945 BURDETT RD,ATLANTA,33.595409,-84.483671
1238,FULTON,60640,315 RALPH MCGILL BLVD NE,ATLANTA,33.763609,-84.377319
1239,FULTON,60640,315 RALPH MCGILL BLVD NE,ATLANTA,33.763609,-84.377319
1240,FULTON,60180,1565 M L KING JR DR SW,ATLANTA,34.003215,-84.001538
1241,FULTON,60180,1565 M L KING JR DR SW,ATLANTA,34.003215,-84.001538
1242,FULTON,60005,3201 M L KING JR DRIVE SW,ATLANTA,33.703191,-84.54752
1243,FULTON,60812,2845 BETHANY BEND,MILTON,34.118601,-84.275259
1244,FULTON,60856,4345 WELCOME ALL TERRACE,ATLANTA,33.637444,-84.52633
1245,FULTON,60036,4320 HERSCHEL ROAD,COLLEGE PARK,33.637574,-84.471777
1246,FULTON,60036,4320 HERSCHEL ROAD,COLLEGE PARK,33.637574,-84.471777
1247,FULTON,60036,4320 HERSCHEL ROAD,COLLEGE PARK,33.637574,-84.471777
1248,FULTON,60036,4320 HERSCHEL ROAD,COLLEGE PARK,33.637574,-84.471777
1249,FULTON,60036,4320 HERSCHEL ROAD,COLLEGE PARK,33.637574,-84.471777
1250,FULTON,60036,4320 HERSCHEL ROAD,COLLEGE PARK,33.637574,-84.471777
1251,FULTON,60036,4320 HERSCHEL ROAD,COLLEGE PARK,33.637574,-84.471777
1252,FULTON,60036,4320 HERSCHEL ROAD,COLLEGE PARK,33.637574,-84.471777
1253,FULTON,60036,4320 HERSCHEL ROAD,COLLEGE PARK,33.637574,-84.471777
1254,FULTON,60036,4320 HERSCHEL ROAD,COLLEGE PARK,33.637574,-84.471777
1255,FULTON,60038,"2326 VENETIAN DR., SW",ATLANTA,33.716753,-84.465475
1256,FULTON,60039,2744 PEACHTREE RD NW,ATLANTA,33.831464,-84.386765
1257,FULTON,60754,100 IVAN ALLEN JR. BLVD. NW,ATLANTA,33.764213,-84.392984
1258,FULTON,60781,400 MERRITS AVENUE NE,ATLANTA,33.769015,-84.374441
1259,FULTON,60781,400 MERRITS AVENUE NE,ATLANTA,33.769015,-84.374441
1260,FULTON,60287,501 MITCHELL ST SW,ATLANTA,33.754131,-84.403834
1261,FULTON,60045,140 WEST WIEUCA RD NW,ATLANTA,33.873655,-84.395095
1262,FULTON,60045,140 WEST WIEUCA RD NW,ATLANTA,33.873655,-84.395095
1263,FULTON,60686,6505 RICO ROAD,CHATTAHOOCHEE HILLS,34.600098,-83.516282
1264,FULTON,60686,6505 RICO ROAD,CHATTAHOOCHEE HILLS,34.600098,-83.516282
1265,FULTON,60686,6505 RICO ROAD,CHATTAHOOCHEE HILLS,34.600098,-83.516282
1266,FULTON,60686,6505 RICO ROAD,CHATTAHOOCHEE HILLS,34.600098,-83.516282
1267,FULTON,60686,6505 RICO ROAD,CHATTAHOOCHEE HILLS,34.600098,-83.516282
1268,FULTON,60755,7345 RED OAK RD,UNION CITY,33.555811,-84.520723
1269,FULTON,60755,7345 RED OAK RD,UNION CITY,33.555811,-84.520723
1270,FULTON,60755,7345 RED OAK RD,UNION CITY,33.555811,-84.520723
1271,FULTON,60755,7345 RED OAK RD,UNION CITY,33.555811,-84.520723
1272,FULTON,60755,7345 RED OAK RD,UNION CITY,33.555811,-84.520723
1273,FULTON,60053,5185 PEACHTREE DUNWOODY RD NE,ATLANTA,33.896436,-84.351711
1274,FULTON,60806,11575 JONES BRIDGE RD,JOHNS CREEK,34.060382,-84.214078
1275,FULTON,60055,47 CLEVELAND AVE SW,ATLANTA,33.680944,-84.390282
1276,FULTON,60056,2672 OLD HAPEVILLE RD SW,ATLANTA,33.682491,-84.393623
1277,FULTON,60056,2672 OLD HAPEVILLE RD SW,ATLANTA,33.682491,-84.393623
1278,FULTON,60809,4095 STONEWALL TELL RD,SOUTH FULTON,33.643774,-84.589878
1279,FULTON,60172,4645 BUTNER RD,ATLANTA,33.651171,-84.597311
1280,FULTON,60172,4645 BUTNER RD,ATLANTA,33.651171,-84.597311
1281,FULTON,60172,4645 BUTNER RD,ATLANTA,33.651171,-84.597311
1282,FULTON,60899,3340 W STUBBS RD,COLLEGE PARK,33.658837,-84.618067
1283,FULTON,60365,13080 COGBURN RD,ALPHARETTA,34.104074,-84.283223
1284,FULTON,60533,3631 MAIN STREET,COLLEGE PARK,33.655798,-84.449267
1285,FULTON,60533,3631 MAIN STREET,COLLEGE PARK,33.655798,-84.449267
1286,FULTON,60533,3631 MAIN STREET,COLLEGE PARK,33.655798,-84.449267
1287,FULTON,60533,3631 MAIN STREET,COLLEGE PARK,33.655798,-84.449267
1288,FULTON,60533,3631 MAIN STREET,COLLEGE PARK,33.655798,-84.449267
1289,FULTON,60816,3691 COLLIER DR NW,ATLANTA,33.769692,-84.506786
1290,FULTON,60817,3270 BOULDER PARK DRIVE SW,ATLANTA,33.750201,-84.494908
1291,FULTON,60064,3181 HOGAN ROAD,ATLANTA,33.67882,-84.492127
1292,FULTON,60811,1190 NORTHWEST DR NW,ATLANTA,33.790339,-84.482835
1293,FULTON,60893,2461 PEACHTREE RD,ATLANTA,33.821857,-84.387248
1294,FULTON,60857,10700 CRABAPPLE RD,ROSWELL,34.04033,-84.363399
1295,FULTON,60070,3995 WEBB BRIDGE ROAD,ALPHARETTA,34.074153,-84.242554
1296,FULTON,60898,7405 HERNDON RD,FAIRBURN,33.556303,-84.624184
1297,FULTON,60805,2775 CREEL RD,COLLEGE PARK,33.567425,-84.483445
1298,FULTON,60072,77 E CROSSVILLE RD; SUITE 203,ROSWELL,34.045645,-84.359656
1299,FULTON,60867,569 EZZARD ST SE,ATLANTA,33.753251,-84.368637
1300,FULTON,60847,551 JOHN WESLEY DOBBS AVE NE,ATLANTA,33.758844,-84.368479
1301,FULTON,60847,551 JOHN WESLEY DOBBS AVE NE,ATLANTA,33.758844,-84.368479
1302,FULTON,60854,3070 FAIRBURN RD,ATLANTA,33.671159,-84.513133
1303,FULTON,60174,2025 JONESBORO RD. SE,ATLANTA,33.697993,-84.372449
1304,FULTON,60174,2025 JONESBORO RD. SE,ATLANTA,33.697993,-84.372449
1305,FULTON,60097,1953 DONALD L HOLLOWELL PKWY,ATLANTA,33.775783,-84.448155
1306,FULTON,60074,10495 JONES BRIDGE ROAD,ALPHARETTA,34.03575,-84.233853
1307,FULTON,60074,10495 JONES BRIDGE ROAD,ALPHARETTA,34.03575,-84.233853
1308,FULTON,60268,5090 ABBOTTS BRIDGE RD,ALPHARETTA,34.064764,-84.209963
1309,FULTON,60268,5090 ABBOTTS BRIDGE RD,ALPHARETTA,34.064764,-84.209963
1310,FULTON,60268,5090 ABBOTTS BRIDGE RD,ALPHARETTA,34.064764,-84.209963
1311,FULTON,60161,477 WINDSOR STREET SW,ATLANTA,33.741373,-84.399708
1312,FULTON,60233,2651 CHURCH ST,EAST POINT,33.682764,-84.441714
1313,FULTON,60733,2301 HOLCOMB BRIDGE RD,ROSWELL,34.002575,-84.293829
1314,FULTON,60081,11290 ELKINS ROAD,ROSWELL,34.055678,-84.337594
1315,FULTON,60789,1400 MARTIN RD,ROSWELL,34.010875,-84.318084
1316,FULTON,60552,5285 LAKESIDE DR,UNION CITY,33.587319,-84.55786
1317,FULTON,60552,5285 LAKESIDE DR,UNION CITY,33.587319,-84.55786
1318,FULTON,60835,768 HANK AARON DR SE,ATLANTA,33.734269,-84.387757
1319,FULTON,60835,768 HANK AARON DR SE,ATLANTA,33.734269,-84.387757
1320,FULTON,60598,5790 FELDWOOD ROAD,COLLEGE PARK,33.598152,-84.515637
1321,FULTON,60598,5790 FELDWOOD ROAD,COLLEGE PARK,33.598152,-84.515637
1322,FULTON,60598,5790 FELDWOOD ROAD,COLLEGE PARK,33.598152,-84.515637
1323,FULTON,60598,5790 FELDWOOD ROAD,COLLEGE PARK,33.598152,-84.515637
1324,FULTON,60598,5790 FELDWOOD ROAD,COLLEGE PARK,33.598152,-84.515637
1325,FULTON,60091,3935 RUX RD SW,ATLANTA,33.696555,-84.516781
1326,FULTON,60247,5880 FINDLEY CHASE DR.,DULUTH,34.060657,-84.186401
1327,FULTON,60247,5880 FINDLEY CHASE DR.,DULUTH,34.060657,-84.186401
1328,FULTON,60100,8675 RIDGE RD,FAIRBURN,33.619477,-84.670161
1329,FULTON,60685,23 MALONE ST SE,FAIRBURN,33.564036,-84.581745
1330,FULTON,60106,"1328 PEACHTREE ST., NE",ATLANTA,33.790808,-84.386201
1331,FULTON,60820,580 ATLANTA STUDENT MOVEMENT BLVD,ATLANTA,33.748879,-84.406741
1332,FULTON,60845,1356 ENGLISH ST,ATLANTA,33.793309,-84.420549
1333,FULTON,60868,80 WALNUT ST,ATLANTA,33.752528,-84.405518
1334,FULTON,60874,4141 OLD FAIRBURN RD,ATLANTA ,33.645039,-84.544172
1335,FULTON,60874,4141 OLD FAIRBURN RD,ATLANTA ,33.645039,-84.544172
1336,FULTON,60874,4141 OLD FAIRBURN RD,ATLANTA ,33.645039,-84.544172
1337,FULTON,60842,965 FOWLER STREET NW,ATLANTA,33.780704,-84.392764
1338,FULTON,60842,965 FOWLER STREET NW,ATLANTA,33.780704,-84.392764
1339,FULTON,60861,537 PARK AVE SE,ATLANTA,33.741056,-84.36993
1340,FULTON,60861,537 PARK AVE SE,ATLANTA,33.741056,-84.36993
1341,FULTON,60116,2125 NORTHSIDE DR NW,ATLANTA,33.814056,-84.405879
1342,FULTON,60117,786 THURMOND STREET NW,ATLANTA,33.760301,-84.413202
1343,FULTON,60737,750 FRANCIS PLACE NW,ATLANTA,33.775045,-84.438459
1344,FULTON,60737,750 FRANCIS PLACE NW,ATLANTA,33.775045,-84.438459
1345,FULTON,60737,750 FRANCIS PLACE NW,ATLANTA,33.775045,-84.438459
1346,FULTON,60122,705 HAMMOND DR NE,ATLANTA,33.918847,-84.363522
1347,FULTON,60122,705 HAMMOND DR NE,ATLANTA,33.918847,-84.363522
1348,FULTON,60122,705 HAMMOND DR NE,ATLANTA,33.918847,-84.363522
1349,FULTON,60122,705 HAMMOND DR NE,ATLANTA,33.918847,-84.363522
1350,FULTON,60798,8567 BOHANNON RD,FAIRBURN,33.525288,-84.587029
1351,FULTON,60890,1015 E ROCK SPRINGS RD NE,ATLANTA,33.796784,-84.353973
1352,FULTON,60146,10665 HAYNES BRIDGE RD,ALPHARETTA,34.040564,-84.282405
1353,FULTON,60146,10665 HAYNES BRIDGE RD,ALPHARETTA,34.040564,-84.282405
1354,FULTON,60837,6151 POWERS FERRY RD NW,SANDY SPRINGS,33.909679,-84.425618
1355,FULTON,60782,515 JOHN WESLEY DOBBS AVE SE,ATLANTA,33.759179,-84.370604
1356,FULTON,60862,815 HEMBREE RD, ROSWELL,34.05985,-84.336244
1357,FULTON,60860,6110 BLUE STONE RD,SANDY SPRINGS,33.922113,-84.382146
1358,FULTON,60860,6110 BLUE STONE RD,SANDY SPRINGS,33.922113,-84.382146
1359,FULTON,60860,6110 BLUE STONE RD,SANDY SPRINGS,33.922113,-84.382146
1360,FULTON,60149,520 GREENLAND ROAD NE,SANDY SPRINGS,33.899622,-84.373891
1361,FULTON,60149,520 GREENLAND ROAD NE,SANDY SPRINGS,33.899622,-84.373891
1362,FULTON,60149,520 GREENLAND ROAD NE,SANDY SPRINGS,33.899622,-84.373891
1363,FULTON,60369,9250 SCOTT RD,ROSWELL,34.011143,-84.29532
1364,FULTON,60885,875 W PEACHTREE ST NW,ATLANTA,33.778373,-84.387137
1365,FULTON,60182,15730 HOPEWELL ROAD,ALPHARETTA,34.164349,-84.283908
1366,FULTON,60182,15730 HOPEWELL ROAD,ALPHARETTA,34.164349,-84.283908
1367,FULTON,60182,15730 HOPEWELL ROAD,ALPHARETTA,34.164349,-84.283908
1368,FULTON,60364,13060 COGBURN RD,ALPHARETTA,34.101309,-84.28097
1369,FULTON,60123,3444 N FULTON AVE,HAPEVILLE,33.660023,-84.407676
1370,FULTON,60851,2323 SYLVAN ROAD,ATLANTA,33.691018,-84.418636
1371,FULTON,60851,2323 SYLVAN ROAD,ATLANTA,33.691018,-84.418636
1372,FULTON,60851,2323 SYLVAN ROAD,ATLANTA,33.691018,-84.418636
1373,FULTON,60836,791 MIMOSA BLVD,ROSWELL,34.019725,-84.363195
1374,FULTON,60864,8261 ISON RD NE,SANDY SPRINGS,33.979951,-84.356465
1375,FULTON,60525,534 FAIRBURN RD NW,ATLANTA,33.770338,-84.501331
1376,FULTON,60525,534 FAIRBURN RD NW,ATLANTA,33.770338,-84.501331
1377,FULTON,60140,1325 MT PARAN RD NW,ATLANTA,33.873642,-84.422609
1378,FULTON,60202,1305 OAKLAND LANE SW,ATLANTA,33.719191,-84.429191
1379,FULTON,60202,1305 OAKLAND LANE SW,ATLANTA,33.719191,-84.429191
1380,FULTON,60255,1431 NORMAN BERRY DR,EAST POINT,33.682164,-84.435934
1381,FULTON,60255,1431 NORMAN BERRY DR,EAST POINT,33.682164,-84.435934
1382,FULTON,60895,215 LAKEWOOD WAY SW,ATLANTA,33.700745,-84.396941
1383,FULTON,60791,8100 HOLCOMB BRIDGE RD,ALPHARETTA,33.977016,-84.266169
1384,FULTON,60795,5575 STATE BRIDGE RD,JOHNS CREEK,34.022772,-84.195347
1385,FULTON,60142,11180 MEDLOCK BRIDGE RD,DULUTH,34.050814,-84.174259
1386,FULTON,60095,5920 SANDY SPRINGS CIRCLE NE,ATLANTA,33.91673,-84.384812
1387,FULTON,60560,100 FLAT SHOALS AVE SE,ATLANTA,33.751634,-84.35505
1388,FULTON,60813,7510 HALL RD,FAIRBURN,33.616484,-84.634129
1389,FULTON,60150,11250 CRABAPPLE RD,ROSWELL,34.05464,-84.361355
1390,FULTON,60065,395 CHAMBERLAIN STREET SE,ATLANTA,33.753537,-84.37454
1391,FULTON,60065,395 CHAMBERLAIN STREET SE,ATLANTA,33.753537,-84.37454
1392,FULTON,60065,395 CHAMBERLAIN STREET SE,ATLANTA,33.753537,-84.37454
1393,FULTON,60065,395 CHAMBERLAIN STREET SE,ATLANTA,33.753537,-84.37454
1394,FULTON,60153,2690 MOUNT VERNON ROAD,ATLANTA,33.960752,-84.297628
1395,FULTON,60143,550 LINDSAY ST NW,ATLANTA,33.769779,-84.416763
1396,FULTON,60154,1083 AUSTIN AVE NE,ATLANTA,33.761786,-84.352701
1397,FULTON,60761,1463 PRYOR RD,ATLANTA,33.714845,-84.394212
1398,FULTON,60708,2725 CREEL ROAD,COLLEGE PARK,33.571148,-84.480944
1399,FULTON,60708,2725 CREEL ROAD,COLLEGE PARK,33.571148,-84.480944
1400,FULTON,60821,731 PEACHTREE STREET NE,ATLANTA,33.774599,-84.383252
1401,FULTON,60823,1150 NILES AVE,ATLANTA,33.78193,-84.424768
1402,FULTON,60156,405 CUMMING ST,ALPHARETTA,34.0826,-84.277227
1403,FULTON,60208,820 BEECHER CT S.W.,ATLANTA,33.7323,-84.446732
1404,FULTON,60585,4765 KIMBALL BRIDGE RD,ALPHARETTA,34.062219,-84.220468
1405,FULTON,60739,1332 METROPOLITAN PARKWAY,ATLANTA,33.718845,-84.407039
1406,FULTON,60732,855 MAYFIELD RD,MILTON,34.090003,-84.336592
1407,FULTON,60732,855 MAYFIELD RD,MILTON,34.090003,-84.336592
1408,FULTON,60186,1550 WARSAW RD,ROSWELL,34.035877,-84.331856
1409,FULTON,60186,1550 WARSAW RD,ROSWELL,34.035877,-84.331856
1410,FULTON,60186,1550 WARSAW RD,ROSWELL,34.035877,-84.331856
1411,FULTON,60824,876 ATLANTA STUDENT MOVEMENT BLVD,ATLANTA,33.749434,-84.416359
1412,FULTON,60586,1700 PIEDMONT ROAD NE,ATLANTA,33.80228,-84.368276
1413,FULTON,60586,1700 PIEDMONT ROAD NE,ATLANTA,33.80228,-84.368276
1414,FULTON,60346,774 VIRGINA AVENUE,ATLANTA,33.782326,-84.362784
1415,FULTON,60346,774 VIRGINA AVENUE,ATLANTA,33.782326,-84.362784
1416,FULTON,60346,774 VIRGINA AVENUE,ATLANTA,33.782326,-84.362784
1417,FULTON,60889,1411 NORTH  MORNINGSIDE DRIVE NE,ATLANTA,33.793629,-84.356627
1418,FULTON,60169,2845 MARGARET MITCHELL DR,ATLANTA,33.833824,-84.434901
1419,FULTON,60169,2845 MARGARET MITCHELL DR,ATLANTA,33.833824,-84.434901
1420,FULTON,60810,2755 CAMPBELLTON RD,ATLANTA,33.702802,-84.478336
1421,FULTON,60894,1202 WEST MARIETTA ST NW,ATLANTA,33.785119,-84.42665
1422,FULTON,60894,1202 WEST MARIETTA ST NW,ATLANTA,33.785119,-84.42665
1423,FULTON,60244,2850 OLD ALABAMA RD/N CAMPUS,ALPHARETTA,34.021028,-84.276512
1424,FULTON,60634,850 MT VERNON HWY NW,ATLANTA,33.929482,-84.359542
1425,FULTON,60587,100 LAKESHORE DR,ROSWELL,33.81704,-84.364635
1426,FULTON,60564,6600 OLD NATIONAL HWY,ATLANTA,33.574782,-84.468781
1427,FULTON,60223,3055 KIMBALL BRIDGE RD,ALPHARETTA,34.051786,-84.274079
1428,FULTON,60710,7741 ROSWELL RD,ATLANTA,33.965856,-84.362809
1429,FULTON,60900,5025 ROSWELL RD,ATLANTA,33.892126,-84.380682
1430,FULTON,60900,5025 ROSWELL RD,ATLANTA,33.892126,-84.380682
1431,FULTON,60193,12090 HARDSCRABBLE ROAD,ROSWELL,34.075072,-84.365091
1432,FULTON,60194,7447 ROSWELL RD,ATLANTA,33.957085,-84.363229
1433,FULTON,60568,9560 SPRUILL ROAD,ALPHARETTA,34.014424,-84.224415
1434,FULTON,60197,3295 NORTHSIDE PKWY NW,ATLANTA,33.845122,-84.425415
1435,FULTON,60199,10625 PARSONS RD,DULUTH,34.038546,-84.17814
1436,FULTON,60738,2489 PERRY BOULEVARD NW,ATLANTA,33.8052,-84.469456
1437,FULTON,60863,10200 WOOTEN RD,ROSWELL ,34.02902,-84.307554
1438,FULTON,60841,7220 OAKLEY TERRACE,UNION CITY,33.583585,-84.532451
1439,FULTON,60841,7220 OAKLEY TERRACE,UNION CITY,33.583585,-84.532451
1440,FULTON,60192,4375 KIMBALL BRIDGE RD,ALPHARETTA,34.053408,-84.231721
1441,FULTON,60840,3404 DELMAR LN NW,ATLANTA,33.756561,-84.49981
1442,FULTON,60797,6230 HIGHWAY 92,FAIRBURN,33.587027,-84.593285
1443,FULTON,60204,1071 DELAWARE AVENUE SE,ATLANTA,33.731156,-84.352424
1444,FULTON,60740,9111 CASCADE PALMETTO HWY,PALMETTO,33.530482,-84.664113
1445,FULTON,60838,500 10TH ST NE,ATLANTA,33.7822,-84.369286
1446,FULTON,60838,500 10TH ST NE,ATLANTA,33.7822,-84.369286
1447,FULTON,60838,500 10TH ST NE,ATLANTA,33.7822,-84.369286
1448,FULTON,60607,685 MERCER ST SE,ATLANTA,33.735465,-84.364513
1449,FULTON,60665,500 WHITEHALL TERRACE SW,ATLANTA,33.741431,-84.401324
1450,FULTON,60273,1580 PEACHTREE ST NW,ATLANTA,33.796582,-84.38982
1451,FULTON,60273,1580 PEACHTREE ST NW,ATLANTA,33.796582,-84.38982
1452,FULTON,60273,1580 PEACHTREE ST NW,ATLANTA,33.796582,-84.38982
1453,FULTON,60273,1580 PEACHTREE ST NW,ATLANTA,33.796582,-84.38982
1454,FULTON,60157,308 PEACHTREE HILLS AVE NE,ATLANTA,33.818718,-84.376999
1455,FULTON,60157,308 PEACHTREE HILLS AVE NE,ATLANTA,33.818718,-84.376999
1456,FULTON,60593,3434 ROSWELL RD NW,ATLANTA,33.847705,-84.38368
1457,FULTON,60096,770 DECKNER AVE SW,ATLANTA,33.711927,-84.413081
1458,FULTON,60096,770 DECKNER AVE SW,ATLANTA,33.711927,-84.413081
1459,FULTON,60839,1320 MONROE DR. NW,ATLANTA,33.790733,-84.367504
1460,FULTON,60293,"950 GARIBALDI ST., SW",ATLANTA,33.729062,-84.399063
1461,FULTON,60293,"950 GARIBALDI ST., SW",ATLANTA,33.729062,-84.399063
1462,FULTON,60888,675 PONCE DE LEON AVENUE NE, ATLANTA,33.772679,-84.365876
1463,FULTON,60888,675 PONCE DE LEON AVENUE NE, ATLANTA,33.772679,-84.365876
1464,FULTON,60220,980 PONCE DE LEON AVE NE,ATLANTA,33.77419,-84.355275
1465,FULTON,60362,10250 HAYNES BRIDGE RD,ALPHARETTA,34.02906,-84.270466
1466,FULTON,60849,286 HAMILTON E. HOLMES DRIVE,ATLANTA,33.762723,-84.471622
1467,FULTON,60299,"1925 NISKEY LAKE RD., SW",ATLANTA,33.699953,-84.53116
1468,FULTON,60128,5340 SOUTH TRIMBLE RD,ATLANTA,33.897934,-84.359124
1469,FULTON,60128,5340 SOUTH TRIMBLE RD,ATLANTA,33.897934,-84.359124
1470,FULTON,60226,9000 EVES ROAD,ROSWELL,33.992557,-84.310767
1471,FULTON,60227,8 PEACHTREE BATTLE AVE NW,ATLANTA,33.819441,-84.389951
1472,FULTON,60859,2800 BURDETT RD, ATLANTA,33.595202,-84.485755
1473,FULTON,60859,2800 BURDETT RD, ATLANTA,33.595202,-84.485755
1474,FULTON,60896,365 CLEVELAND AVE SE,ATLANTA,33.679634,-84.379059
1475,FULTON,60232,11595 KING ROAD,ROSWELL,34.063148,-84.381209
1476,FULTON,60818,115 NORCROSS ST,ROSWELL,34.025133,-84.357908
1477,FULTON,60858,10525 WOODSTOCK RD, ROSWELL,34.037636,-84.369141
1478,FULTON,60198,6201 CONNELL RD,ATLANTA,33.57627,-84.50225
1479,FULTON,60198,6201 CONNELL RD,ATLANTA,33.57627,-84.50225
1480,FULTON,60852,3000 WEBB BRIDGE RD,ALPHARETTA,34.076015,-84.272211
1481,FULTON,60852,3000 WEBB BRIDGE RD,ALPHARETTA,34.076015,-84.272211
1482,FULTON,60236,435 PEACHTREE STREET NE,ATLANTA,33.766469,-84.384664
1483,FULTON,60236,435 PEACHTREE STREET NE,ATLANTA,33.766469,-84.384664
1484,FULTON,60855,3605 CAMPBELLTON RD,ATLANTA,33.691427,-84.507352
1485,FULTON,60272,1950 OLD ALABAMA RD,ROSWELL,34.026221,-84.301988
1486,FULTON,60239,2283 BAKER ROAD NW,ATLANTA,33.770907,-84.46299
1487,FULTON,60590,5320 CAMPBELLTON RD SW,ATLANTA,33.705352,-84.561661
1488,FULTON,60590,5320 CAMPBELLTON RD SW,ATLANTA,33.705352,-84.561661
1489,FULTON,60610,395 MOUNT VERNON HIGHWAY NE,ATLANTA,33.92418,-84.374268
1490,FULTON,60610,395 MOUNT VERNON HIGHWAY NE,ATLANTA,33.92418,-84.374268
1491,FULTON,60611,8750 PRIDE PLACE,ATLANTA,33.99733,-84.339012
1492,FULTON,60611,8750 PRIDE PLACE,ATLANTA,33.99733,-84.339012
1493,FULTON,60576,86 MOUNT VERNON HWY NW,ATLANTA,33.935964,-84.351093
1494,FULTON,60612,"370 OLD IVY ROAD, NE",ATLANTA,33.857685,-84.374958
1495,FULTON,60612,"370 OLD IVY ROAD, NE",ATLANTA,33.857685,-84.374958
1496,FULTON,60872,4141 WIEUCA RD NE,ATLANTA,33.865462,-84.371347
1497,FULTON,60596,1752 HOLLYWOOD RD NW,ATLANTA,33.803312,-84.471733
1498,FULTON,60623,10885 ROGERS CIRCLE,DULUTH,34.045961,-84.129416
1499,FULTON,60623,10885 ROGERS CIRCLE,DULUTH,34.045961,-84.129416
1500,FULTON,60865,8610 ROSWELL RD,ATLANTA,33.989701,-84.352493
1501,FULTON,60127,800 JOSEPH E. BOONE BLVD NW,ATLANTA,33.763061,-84.413269
1502,FULTON,60127,800 JOSEPH E. BOONE BLVD NW,ATLANTA,33.763061,-84.413269
1503,FULTON,60578,4707 WASHINGTON RD,ATLANTA,33.627691,-84.492098
1504,FULTON,60578,4707 WASHINGTON RD,ATLANTA,33.627691,-84.492098
1505,FULTON,60134,800 HUTCHENS ROAD SE,ATLANTA,33.670301,-84.362541
1506,FULTON,60624,915 NEW HOPE RD SW,ATLANTA,33.730054,-84.540621
1507,FULTON,60882,3911 CAMPBELLTON RD SW,ATLANTA,33.693416,-84.516571
1508,FULTON,60604,"3665 CASCADE RD., SW",ATLANTA,33.724658,-84.506617
1509,FULTON,60604,"3665 CASCADE RD., SW",ATLANTA,33.724658,-84.506617
1510,FULTON,60604,"3665 CASCADE RD., SW",ATLANTA,33.724658,-84.506617
1511,FULTON,60625,130 W SPALDING DR NE,ATLANTA,33.950571,-84.382735
1512,FULTON,60625,130 W SPALDING DR NE,ATLANTA,33.950571,-84.382735
1513,FULTON,60626,1730 HOLLYWOOD RD NW,ATLANTA,33.802117,-84.471938
1514,FULTON,60217,4400 PEACHTREE DUNWOODY RD,ATLANTA,33.874677,-84.359203
1515,FULTON,60257,7171 GLENRIDGE DR NE,ATLANTA,33.950013,-84.363654
1516,FULTON,60259,306 PEYTON RD SW,ATLANTA,33.746234,-84.47664
1517,FULTON,60259,306 PEYTON RD SW,ATLANTA,33.746234,-84.47664
1518,FULTON,60259,306 PEYTON RD SW,ATLANTA,33.746234,-84.47664
1519,FULTON,60260,1558 VENETIAN DR SW,ATLANTA,33.714271,-84.439724
1520,FULTON,60636,2670 HOGAN RD,EAST POINT,33.677733,-84.476277
1521,FULTON,60264,2893 LAKEWOOD AVE SW,ATLANTA,33.697565,-84.411616
1522,FULTON,60517,13855 PROVIDENCE ROAD,ALPHARETTA,34.120697,-84.319508
1523,FULTON,60190,2875 NORTHSIDE DRIVE NW,ATLANTA,33.833099,-84.40591
1524,FULTON,60897,12025 ETRIS RD, ROSWELL,34.072913,-84.362801
1525,FULTON,60884,1461 SYLVAN RD SW,ATLANTA,33.715666,-84.419197
1526,FULTON,60688,5150 TAYLOR ROAD,ALPHARETTA,34.052838,-84.209544
1527,FULTON,60783,1580 SPALDING DR,ATLANTA,33.974901,-84.333289
1528,FULTON,60780,3550 ENON ROAD,COLLEGE PARK,33.657518,-84.59139
1529,FULTON,60883,660 PEACHTREE ST NE,ATLANTA,33.772624,-84.385045
1530,FULTON,60901,6280 BRYANT STREET,UNION CITY,33.584691,-84.554513
1531,FULTON,60807,286 WILSON MILL RD,ATLANTA,33.755179,-84.51363
1532,FULTON,60118,1680 CAMPBELLTON ROAD SW,ATLANTA,33.710834,-84.44279
1533,FULTON,60683,3099 PANTHER TRAIL SW,ATLANTA,33.698901,-84.488767
1534,FULTON,60655,1835 HENRY THOMAS DR SE,ATLANTA,33.704004,-84.358105
1535,FULTON,60684,2300 GODBY ROAD,COLLEGE PARK,33.615467,-84.464525
1536,FULTON,60684,2300 GODBY ROAD,COLLEGE PARK,33.615467,-84.464525
1537,FULTON,60684,2300 GODBY ROAD,COLLEGE PARK,33.615467,-84.464525
1538,FULTON,60684,2300 GODBY ROAD,COLLEGE PARK,33.615467,-84.464525
1539,FULTON,60684,2300 GODBY ROAD,COLLEGE PARK,33.615467,-84.464525
1540,FULTON,60591,3003 HOWELL MILL ROAD NW,ATLANTA,33.836886,-84.418369
1541,FULTON,60591,3003 HOWELL MILL ROAD NW,ATLANTA,33.836886,-84.418369
1542,FULTON,60760,1626 WESTHAVEN DR SW,ATLANTA,33.732057,-84.440637
1543,FULTON,60760,1626 WESTHAVEN DR SW,ATLANTA,33.732057,-84.440637
1544,FULTON,60848,1201 ALPHARETTA STREET,ROSWELL,34.031216,-84.35139
1545,FULTON,60286,1025 VIOLET ST SW,ATLANTA,33.727244,-84.432033
1546,FULTON,60288,1116 M L KING JR DR SW,ATLANTA,33.785552,-84.47499
1547,FULTON,60288,1116 M L KING JR DR SW,ATLANTA,33.785552,-84.47499
1548,FULTON,60354,4455 WEBB BRIDGE RD,ALPHARETTA,34.066883,-84.231545
1549,FULTON,60354,4455 WEBB BRIDGE RD,ALPHARETTA,34.066883,-84.231545
1550,FULTON,60580,4255 WILL LEE ROAD,ATLANTA,33.63103,-84.527539
1551,FULTON,60580,4255 WILL LEE ROAD,ATLANTA,33.63103,-84.527539
1552,FULTON,60580,4255 WILL LEE ROAD,ATLANTA,33.63103,-84.527539
1553,FULTON,60850,525 PEEPLES ST,ATLANTA,33.740714,-84.420643
1554,FULTON,60298,1040 R. D. ABERNATHY BLVD SW,ATLANTA,33.726083,-84.367927
1555,FULTON,60744,3240 WEST MANOR CIR,ATLANTA,33.735856,-84.492205
1556,FULTON,60744,3240 WEST MANOR CIR,ATLANTA,33.735856,-84.492205
1557,FULTON,60594,2400 UNION RD SW,ATLANTA,33.689233,-84.575773
1558,FULTON,60594,2400 UNION RD SW,ATLANTA,33.689233,-84.575773
1559,FULTON,60594,2400 UNION RD SW,ATLANTA,33.689233,-84.575773
1560,FULTON,60594,2400 UNION RD SW,ATLANTA,33.689233,-84.575773
1561,FULTON,60294,2114 M L KING JR DR SW,ATLANTA,33.703521,-84.547283
1562,FULTON,60025,2405 FAIRBURN RD SW,ATLANTA,33.688666,-84.513006
1563,FULTON,60025,2405 FAIRBURN RD SW,ATLANTA,33.688666,-84.513006
1564,FULTON,60815,11925 WILLIS RD,ALPHARETTA,34.071393,-84.310852
1565,FULTON,60815,11925 WILLIS RD,ALPHARETTA,34.071393,-84.310852
1566,FULTON,60687,6115 WILSON ROAD,JOHNS CREEK,34.035248,-84.182702
1567,FULTON,60741,3100 ENON ROAD,ATLANTA,33.667548,-84.576517
1568,FULTON,60148,1130 SPALDING DRIVE,ATLANTA,33.961604,-84.351157
1569,FULTON,60709,2745 STONE RD,EAST POINT,33.666158,-84.479248
1570,FULTON,60886,320 HARDSCRABBLE RD, ROSWELL,34.072406,-84.366834
1571,GILMER,61001,8344 BIG CREEK RD,ELLIJAY,34.676222,-84.370796
1572,GILMER,61002,7289 BOARDTOWN RD,ELLIJAY,34.78888,-84.43507
1573,GILMER,61003,341 CHERRY LOG ST,CHERRY LOG,34.782967,-84.389927
1574,GILMER,61004,1559 S MAIN ST,ELLIJAY,34.676182,-84.493488
1575,GILMER,61006,100 SHRINE CLUB DR,ELLIJAY,34.701219,-84.480359
1576,GILMER,61007,107 OAK ST,EAST ELLIJAY,34.685074,-84.471001
1577,GILMER,61008,7065 HIGHWAY 382 W,ELLIJAY,34.603728,-84.593858
1578,GILMER,61009,1729 S MAIN ST,ELLIJAY,34.694418,-84.482804
1579,GILMER,61010,261 MOUNTAINTOWN RD,ELLIJAY,34.752955,-84.560477
1580,GILMER,61011,8156 HIGHWAY 52 E,ELLIJAY,34.636378,-84.387024
1581,GILMER,61012,4731 OLD HIGHWAY 5 S,ELLIJAY,34.607374,-84.524682
1582,GILMER,61013,73 CROSSROADS CHURCH RD,ELLIJAY,34.693025,-84.582028
1583,GILMER,61014,5752 YUKON RD,TALKING ROCK,34.597178,-84.461187
1584,GLASCOCK,62001,6134 HIGHWAY 171 SOUTH,GIBSON,33.152534,-82.625018
1585,GLASCOCK,62005,62 EAST MAIN ST,GIBSON,33.233111,-82.594651
1586,GLASCOCK,62007,3028 BASTONVILLE RD,GIBSON,33.252394,-82.555022
1587,GLASCOCK,62003,6809 HWY 123,MITCHELL,33.220452,-82.707901
1588,GLYNN,63063,30 NIMITZ DRIVE,BRUNSWICK,31.207823,-81.507173
1589,GLYNN,63065,170 CUT OFF ROAD,BRUNSWICK,31.176754,-81.540309
1590,GLYNN,63047,11 CALVIN WAY LANE,BRUNSWICK,31.165704,-81.605829
1591,GLYNN,63039,695 HARRY DRIGGERS BLVD,BRUNSWICK,31.277943,-81.464257
1592,GLYNN,63054,6530 FREDERICA ROAD,ST SIMONS ISLAND,31.22384,-81.385712
1593,GLYNN,63029,3890 ALTAMA AVENUE,BRUNSWICK,31.187352,-81.487235
1594,GLYNN,63056,4404 GLYNCO PARKWAY,BRUNSWICK,31.256543,-81.452995
1595,GLYNN,63043,48 HAMPTON POINT DRIVE,ST SIMONS ISLAND,31.264547,-81.357132
1596,GLYNN,63042,1402 SONNY MILLER WAY,BRUNSWICK,31.15146,-81.478726
1597,GLYNN,63044,475 RIVERVIEW DRIVE,JEKYLL ISLAND,31.070123,-81.425885
1598,GLYNN,63046,935 CHAPEL CROSSING,BRUNSWICK,31.226452,-81.472243
1599,GLYNN,63033,573 PALISADE DRIVE,BRUNSWICK,31.13926,-81.587334
1600,GLYNN,63058,2220 PERRY LANE ROAD,BRUNSWICK,31.246532,-81.509738
1601,GLYNN,63045,100 GENOA MARTIN DRIVE,BRUNSWICK,31.172473,-81.50697
1602,GLYNN,63060,729 OCEAN BLVD,ST SIMONS ISLAND,31.135475,-81.389157
1603,GLYNN,63048,2300 FREDERICA ROAD,ST SIMONS ISLAND,31.166587,-81.383624
1604,GLYNN,63035,6670 NEW JESUP HIGHWAY,BRUNSWICK,31.254662,-81.554974
1605,GLYNN,63050,200 MCKENZIE ROAD,BRUNSWICK,31.268043,-81.574014
1606,GLYNN,63066,114 HARRIS FARM ROAD,BRUNSWICK,31.195276,-81.479899
1607,GLYNN,63064,1805 I STREET,BRUNSWICK,31.157568,-81.487555
1608,GORDON,64001,126 WEST BELMONT DR,CALHOUN,34.478464,-84.934639
1609,GORDON,64002,601 RIVER ST,CALHOUN,34.491201,-84.956923
1610,GORDON,64005,633 W PINE CHAPEL CHURCH RD NE,CALHOUN,34.579137,-84.865144
1611,GORDON,64003,11921 FAIRMOUNT HWY,FAIRMOUNT,34.439489,-84.699083
1612,GORDON,64003,11921 FAIRMOUNT HWY,FAIRMOUNT,34.439489,-84.699083
1613,GORDON,64006,3050 TAYLOR TOWN RD NE,RANGER,34.569478,-84.718136
1614,GORDON,64007,157 OLD ROME DALTON RD,CALHOUN,34.487348,-85.02599
1615,GORDON,64008,610 SCHOOL STREET,PLAINVILLE,34.403202,-85.033277
1616,GORDON,64010,3882 RED BUD RD NE,CALHOUN,34.531021,-84.848786
1617,GORDON,64017,330 WALKER STREET,RESACA,34.579288,-84.947265
1618,GORDON,64012,7494 FAIRMOUNT HWY SE,CALHOUN,34.44958,-84.824008
1619,GORDON,64013,3742 SUGAR VALLEY RD NW,SUGAR VALLEY,34.572316,-85.027325
1620,GORDON,64014,1957 US HWY 41 SW,CALHOUN,34.453569,-84.937065
1621,GRADY,65001,65 65 11TH AVENUE NE,CAIRO,30.888461,-84.206119
1622,GRADY,65014,245 E. BROAD STREET,WHIGHAM,30.883812,-84.330054
1623,GRADY,65014,245 E. BROAD STREET,WHIGHAM,30.883812,-84.330054
1624,GRADY,65006,"115 SIXTH STREET, S.W.",CAIRO,30.876801,-84.21564
1625,GRADY,65003,259 EDNA LANE,CAIRO,30.887,-84.155702
1626,GRADY,65004,000 GA HWY 111 S,CAIRO,30.797176,-84.260896
1627,GRADY,65004,000 GA HWY 111 S,CAIRO,30.797176,-84.260896
1628,GRADY,65007,2424 GA HWY 93 SOUTH,CAIRO,30.825511,-84.178552
1629,GRADY,65007,2424 GA HWY 93 SOUTH,CAIRO,30.825511,-84.178552
1630,GRADY,65008,2660 GA HWY 112 NORTH,CAIRO,30.984164,-84.256566
1631,GRADY,65008,2660 GA HWY 112 NORTH,CAIRO,30.984164,-84.256566
1632,GRADY,65009,4049 PINE PARK ROAD,CAIRO,30.862656,-84.102308
1633,GRADY,65011,1487 STAGE COACH ROAD,PELHAM,31.032971,-84.167763
1634,GREENE,66001,1180 C.WELDON SMITH DR.,GREENSBORO,33.560655,-83.193389
1635,GREENE,66005,5800 LAKE OCONEE PKWY,GREENSBORO,33.468972,-83.243753
1636,GREENE,66009,1011 BETHANY RD,SILOAM,33.538284,-83.079988
1637,GREENE,66009,1011 BETHANY RD,SILOAM,33.538284,-83.079988
1638,GREENE,66042,4700 LAMB AVE,UNION POINT,33.615383,-83.077767
1639,GWINNETT,67159,285 MAIN ST,LILBURN,33.890821,-84.140304
1640,GWINNETT,67160,165 CLAYTON ST,LAWRENCEVILLE,34.00309,-84.012608
1641,GWINNETT,67208,2525 GRAVITT RD,DULUTH,33.960829,-84.159733
1642,GWINNETT,67001,3305 LAWRENCEVILLE HWY,LAWRENCEVILLE,33.91797,-84.094203
1643,GWINNETT,67172,4521 CENTERVILLE HIGHWAY,SNELLVILLE,33.775488,-84.050253
1644,GWINNETT,67003,3150 SPAIN RD,SNELLVILLE,33.803186,-84.068601
1645,GWINNETT,67004,5150 ARCADO RD,LILBURN,33.871913,-84.139658
1646,GWINNETT,67006,4434 BRITT RD,TUCKER,33.882632,-84.207855
1647,GWINNETT,67009,3123 CLAIBORNE DR,DULUTH,33.987165,-84.134115
1648,GWINNETT,67010,1978 BEAVER RUIN RD,NORCROSS,33.93441,-84.173171
1649,GWINNETT,67011,1200 BEAVER RUIN RD,NORCROSS,33.924309,-84.137347
1650,GWINNETT,67137,1200 BEAVER RUIN RD,NORCROSS,33.924309,-84.137347
1651,GWINNETT,67013,1405 HEWATT RD,LILBURN,33.872615,-84.054877
1652,GWINNETT,67116,4355 LAWRENCEVILLE HWY,LILBURN,33.903733,-84.128455
1653,GWINNETT,67016,6224 JIMMY CARTER BLVD,NORCROSS,33.927967,-84.221273
1654,GWINNETT,67017,2306 BETHANY CHURCH RD,SNELLVILLE,33.833897,-84.068739
1655,GWINNETT,67019,525 BETHESDA SCHOOL RD,LAWRENCEVILLE,33.925415,-84.085996
1656,GWINNETT,67020,444 BETHESDA CHURCH RD,LAWRENCEVILLE,33.92041,-84.08362
1657,GWINNETT,67021,2723 N BOGAN RD,BUFORD,34.106918,-83.968703
1658,GWINNETT,67195,2300 BUFORD HIGHWAY,BUFORD,34.115813,-83.994111
1659,GWINNETT,67026,3180 BUNTEN RD,DULUTH,33.999583,-84.12022
1660,GWINNETT,67169,1065 WALTHER BLVD,LAWRENCEVILLE,33.974154,-84.016381
1661,GWINNETT,67027,5255 HWY 29,LILBURN,33.890273,-84.157059
1662,GWINNETT,67031,2424 WEBB GIN HOUSE RD,SNELLVILLE,33.88673,-84.036333
1663,GWINNETT,67032,3115 CENTERVILLE HWY,SNELLVILLE,33.822963,-84.035755
1664,GWINNETT,67176,250 GWINNETT DR,LAWRENCEVILLE,33.944484,-83.995866
1665,GWINNETT,67033,2930 ALBION FARM RD,DULUTH,34.018234,-84.147802
1666,GWINNETT,67034,2299 ROSEBUD RD,GRAYSON,33.886275,-83.960092
1667,GWINNETT,67090,1001 DULUTH HWY,LAWRENCEVILLE,33.96965,-84.029158
1668,GWINNETT,67036,455 CAMP PERRIN RD,LAWRENCEVILLE,34.015542,-84.002268
1669,GWINNETT,67183,1200 ATHENS HWY,GRAYSON,33.861994,-83.968429
1670,GWINNETT,67038,1331 PLEASANT HILL RD,LAWRENCEVILLE,33.93644,-84.123417
1671,GWINNETT,67039,1400 GRAYSON HWY,LAWRENCEVILLE,33.91213,-83.968374
1672,GWINNETT,67040,1075 ROCKY RD,LAWRENCEVILLE,33.902308,-84.01848
1673,GWINNETT,67041,170 RUSSELL RD,LAWRENCEVILLE,34.000997,-84.008029
1674,GWINNETT,67170,2735 OLD AUBURN RD,DACULA,33.996088,-83.892986
1675,GWINNETT,67060,684 WINDER HWY,LAWRENCEVILLE,33.969805,-83.961448
1676,GWINNETT,67028,3167 MAIN ST,DULUTH,34.001872,-84.147094
1677,GWINNETT,67171,3142 HILL STREET,DULUTH,34.002872,-84.146387
1678,GWINNETT,67212,4500 BRASELTON HIGHWAY,HOSCHTON,34.07567,-83.871343
1679,GWINNETT,67180,2570 HARBINS RD,DACULA,33.952132,-83.830696
1680,GWINNETT,67181,1350 PEACHTREE INDUSTRIAL BLVD,SUWANEE,34.040435,-84.09718
1681,GWINNETT,67046,3857 CENTERVILLE ROSEBUD RD,SNELLVILLE,33.804831,-84.039807
1682,GWINNETT,67048,800 GRAYSON PKWY,GRAYSON,33.885746,-83.964796
1683,GWINNETT,67037,1755 CENTERVIEW DR,DULUTH,33.950807,-84.121604
1684,GWINNETT,67049,2142 LOGANVILLE HWY,GRAYSON,33.894001,-83.953534
1685,GWINNETT,67051,3495 SUGARLOAF PKWY,LAWRENCEVILLE,33.926072,-84.01839
1686,GWINNETT,67059,2780 FIVE FORKS TRICKM RD,LAWRENCEVILLE,33.893361,-84.05505
1687,GWINNETT,67052,3250 RIVER DR SW,LAWRENCEVILLE,33.88639,-84.072419
1688,GWINNETT,67101,2849 MOUNTAIN VIEW RD,SNELLVILLE,33.867718,-84.035376
1689,GWINNETT,67053,1725 AUBURN ROAD,DACULA,34.044614,-83.924221
1690,GWINNETT,67054,1390 MONFORT RD,LAWRENCEVILLE,33.943796,-84.030284
1691,GWINNETT,67175,55 BUFORD HWY,SUWANEE,34.061448,-84.052449
1692,GWINNETT,67057,1400 KILLIAN HILL RD,LILBURN,33.859676,-84.081162
1693,GWINNETT,67177,2980 OLD PEACHTREE RD,DACULA,34.009268,-83.925647
1694,GWINNETT,67213,1766 NEW HOPE ROAD,LAWRENCEVILLE,33.924202,-83.917488
1695,GWINNETT,67215,2900 ROSEBUD ROAD,LOGANVILLE,33.865681,-83.955827
1696,GWINNETT,67058,2149 FIVE FORKS TRICKUM RD,LAWRENCEVILLE,33.908452,-84.039202
1697,GWINNETT,67188,555 GRAYSON PKWY,GRAYSON,33.892495,-83.961792
1698,GWINNETT,67185,1670 SEVER RD,LAWRENCEVILLE,33.979849,-84.055305
1699,GWINNETT,67066,1736 SEVER ROAD,LAWRENCEVILLE,33.981124,-84.055939
1700,GWINNETT,67063,2516 FIVE FORKS TRICKM RD,LAWRENCEVILLE,33.899525,-84.048903
1701,GWINNETT,67065,2405 SUGARLOAF PKWY,LAWRENCEVILLE,33.918683,-83.994421
1702,GWINNETT,67012,970 MCELVANEY LN,LAWRENCEVILLE,33.952893,-84.060293
1703,GWINNETT,67186,3809 SARDIS CHURCH RD,BUFORD,34.083112,-83.906816
1704,GWINNETT,67182,1450 PINE RD,DACULA,34.056826,-83.886855
1705,GWINNETT,67067,3550 NEW HOPE RD,DACULA,33.943847,-83.857401
1706,GWINNETT,67068,3946 S BOGAN RD,BUFORD,34.097148,-83.979542
1707,GWINNETT,67071,701 COLE DR,LILBURN,33.865842,-84.119526
1708,GWINNETT,67073,202 HEBRON CHURCH RD NE,DACULA,33.99789,-83.908306
1709,GWINNETT,67199,182 HUNTER ST,NORCROSS,33.940079,-84.219523
1710,GWINNETT,67075,1950 OLD PEACHTREE RD,DULUTH,34.013397,-84.103415
1711,GWINNETT,67076,5300 WILLIAMS RD,NORCROSS,33.90576,-84.169276
1712,GWINNETT,67056,5990 OAKBROOK PARKWAY,NORCROSS,33.912838,-84.20182
1713,GWINNETT,67061,6400 SUGARLOAF PKWY,DULUTH,33.991673,-84.093956
1714,GWINNETT,67157,3443 RIDGE ROAD,BUFORD,34.097213,-83.936507
1715,GWINNETT,67077,1707 HURRICANE SHOALS RD,DACULA,33.996858,-83.937332
1716,GWINNETT,67083,1970 SEVER RD,LAWRENCEVILLE,33.988159,-84.061178
1717,GWINNETT,67211,4901 E JONES BRIDGE RD,PEACHTREE CORNERS ,31.633829,-81.480107
1718,GWINNETT,67149,600 TAYLOR SCHOOL DR,LAWRENCEVILLE,34.010322,-83.995938
1719,GWINNETT,67079,1025 HERRINGTON RD,LAWRENCEVILLE,33.942518,-84.082668
1720,GWINNETT,67081,151 ARCADO RD,LILBURN,33.887894,-84.113207
1721,GWINNETT,67156,401 NORTH RIVER DRIVE,LILBURN,33.885693,-84.100171
1722,GWINNETT,67201,3737 HOLCOMB BRIDGE RD,PEACHTREE CORNERS ,0,0
1723,GWINNETT,67143,918 BUFORD HWY,BUFORD,34.08595,-84.032456
1724,GWINNETT,67119,6482 SUWANEE DAM RD,BUFORD,34.148109,-84.065374
1725,GWINNETT,67086,4515 LENORA CHURCH RD,SNELLVILLE,33.789983,-83.999218
1726,GWINNETT,67087,4844 SUWANEE DAM RD,SUWANEE,34.082992,-84.073967
1727,GWINNETT,67088,314 ARCADO RD,LILBURN,33.902848,-84.121572
1728,GWINNETT,67089,4805 STONE MOUNTAIN HWY,LILBURN,33.828068,-84.096174
1729,GWINNETT,67069,4651 BRITT RD,NORCROSS,33.880576,-84.197225
1730,GWINNETT,67091,395 W CROGAN ST,LAWRENCEVILLE,33.955053,-83.996545
1731,GWINNETT,67092,3030 BUNTEN RD,DULUTH,33.996282,-84.118594
1732,GWINNETT,67093,1570 LAWRENCEVILLE SUWANEE RD,LAWRENCEVILLE,33.988265,-84.027919
1733,GWINNETT,67094,5025 GEORGIA BELLE CT,NORCROSS,33.921645,-84.166314
1734,GWINNETT,67096,450 ROCK HOUSE RD,LAWRENCEVILLE,33.962728,-83.932736
1735,GWINNETT,67097,1063 ROCKBRIDGE RD,STONE MOUNTAIN,33.844483,-84.133402
1736,GWINNETT,67098,5050 FIVE FORKS TRICKUM RD,LILBURN,33.847931,-84.118574
1737,GWINNETT,67099,1405 ROCKBRIDGE RD,STONE MOUNTAIN,33.836915,-84.130269
1738,GWINNETT,67100,5485 FIVE FORKS TRICKUM RD,STONE MOUNTAIN,33.839325,-84.132807
1739,GWINNETT,67102,1026 OLD PEACHTREE RD,LAWRENCEVILLE,34.036609,-83.993607
1740,GWINNETT,67103,1982 OLD NORCROSS RD,LAWRENCEVILLE,33.950836,-84.062146
1741,GWINNETT,67080,4000 FIVE FORKS TRICKUM ROAD,LILBURN,33.868419,-84.089985
1742,GWINNETT,67105,2018 BUFORD DAM RD,BUFORD,34.145511,-84.025882
1743,GWINNETT,67196,5300 SPALDING DR,NORCROSS ,33.966966,-84.212196
1744,GWINNETT,67189,4973 WEST PRICE RD,SUWANEE,34.089581,-84.072076
1745,GWINNETT,67108,1004 OAK RD SW,LILBURN,33.883863,-84.058002
1746,GWINNETT,67062,4404 BRASELTON HIGHWAY,HOSCHTON,34.078116,-83.872906
1747,GWINNETT,67187,2707 KILGORE ROAD,BUFORD,34.08896,-83.957652
1748,GWINNETT,67109,4100 ROSEBUD RD,LOGANVILLE,33.821403,-83.960633
1749,GWINNETT,67200,6060 SPALDING DRIVE,PEACHTREE CORNERS ,31.75183,-85.000483
1750,GWINNETT,67203,5918 SPALDING DR,PEACHTREE CORNERS ,31.75183,-85.000483
1751,GWINNETT,67202,4480 PEACHTREE CORNERS CIR,PEACHTREE CORNERS ,0,0
1752,GWINNETT,67205,5995 CROOKED CREEK RD,PEACHTREE CORNERS ,0,0
1753,GWINNETT,67113,142 OLD PEACHTREE RD,SUWANEE,34.024224,-84.048169
1754,GWINNETT,67114,1500 NORTH RD,SNELLVILLE,33.890591,-84.005608
1755,GWINNETT,67204,4650 PEACHTREE INDUSTRIAL BLVD,NORCROSS,33.971922,-84.185077
1756,GWINNETT,67118,3700 PLEASANT HILL RD,DULUTH,33.996855,-84.160551
1757,GWINNETT,67120,1549 PROSPECT RD,LAWRENCEVILLE,34.02007,-83.958877
1758,GWINNETT,67179,2442 S PUCKETTS MILL RD,DACULA,34.064657,-83.932627
1759,GWINNETT,67122,100 E CROGAN ST,LAWRENCEVILLE,33.958328,-83.978751
1760,GWINNETT,67042,2074 QUINTON PL,SUWANEE,34.006401,-84.026119
1761,GWINNETT,67124,5445 SETTLES BRIDGE RD,SUWANEE,34.093685,-84.097079
1762,GWINNETT,67047,1012 ROCKBRIDGE RD,NORCROSS,33.896465,-84.185639
1763,GWINNETT,67126,1100 ROCK SPRINGS RD,LAWRENCEVILLE,34.047633,-83.997934
1764,GWINNETT,67127,6066 ROCKBRIDGE SCHOOL RD,NORCROSS,33.899616,-84.195041
1765,GWINNETT,67130,2400 ROSS RD,SNELLVILLE,33.828365,-84.075661
1766,GWINNETT,67184,2750 PLEASANT HILL RD,DULUTH,33.973589,-84.149182
1767,GWINNETT,67207,4525 E JONES BRIDGE RD,PEACHTREE CORNERS ,31.633829,-81.480107
1768,GWINNETT,67134,2428 MAIN ST E,SNELLVILLE,33.857157,-84.019263
1769,GWINNETT,67135,3400 ROSEBUD RD,LOGANVILLE,33.847177,-83.957004
1770,GWINNETT,67136,85 GLOSTER RD NW,LAWRENCEVILLE,33.917418,-84.069238
1771,GWINNETT,67138,5373 WYDELLA RD SW,LILBURN,33.863585,-84.143215
1772,GWINNETT,67139,2140 BEAVER RUIN RD,NORCROSS,33.935495,-84.181818
1773,GWINNETT,67161,5091 NELSON BROGDON BLVD,SUGAR HILL,34.110084,-84.034006
1774,GWINNETT,67142,939 LEVEL CREEK RD,SUGAR HILL,34.099707,-84.040575
1775,GWINNETT,67144,321 PRICE PLACE,NORCROSS,33.941151,-84.20225
1776,GWINNETT,67145,3000 SUGARLOAF PKWY,LAWRENCEVILLE,33.917994,-84.003958
1777,GWINNETT,67064,3268 SMITHTOWN RD NE,SUWANEE,34.043471,-84.04065
1778,GWINNETT,67129,361 MAIN ST,SUWANEE,34.057607,-84.06722
1779,GWINNETT,67147,670 HIGHWAY 23 NW,SUWANEE,34.047471,-84.073292
1780,GWINNETT,67148,3500 CRUSE RD,LAWRENCEVILLE,33.926418,-84.107516
1781,GWINNETT,67141,5695 SYCAMORE RD,SUGAR HILL,34.12541,-84.044569
1782,GWINNETT,67023,2500 SAWYER PKWY,SNELLVILLE,33.842584,-84.010363
1783,GWINNETT,67095,675 PLEASANT HILL RD NW,LILBURN,33.916592,-84.114286
1784,GWINNETT,67072,1826 KILLIAN HILL RD SW,LILBURN,33.848142,-84.074533
1785,GWINNETT,67150,4080 FENCE RD,AUBURN,34.038358,-83.866843
1786,GWINNETT,67151,2500 ROCKBRIDGE RD,STONE MOUNTAIN,33.813403,-84.099309
1787,GWINNETT,67024,2503 SKYLAND DR,SNELLVILLE,33.85389,-84.010379
1788,GWINNETT,67002,555 OZORA RD,LOGANVILLE,33.891709,-83.913794
1789,GWINNETT,67152,75 TAYLOR RD,SUWANEE,34.017838,-84.022843
1790,GWINNETT,67153,2208 MAIN ST E,SNELLVILLE,33.854763,-84.004076
1791,GWINNETT,67206,6625 WINTERS CHAPEL RD,PEACHTREE CORNERS,0,0
1792,GWINNETT,67209,5105 WINTERS CHAPEL RD,PEACHTREE CORNERS,0,0
1793,GWINNETT,67030,2020 BUFORD DR,LAWRENCEVILLE,34.025148,-83.988217
1794,GWINNETT,67158,3895 ZOAR CHURCH RD,SNELLVILLE,33.81009,-84.045384
1795,HABERSHAM,68024,6357 STATE HWY 17,CLARKESVILLE,34.659723,-83.638695
1796,HABERSHAM,68023,1405 B C GRANT RD,ALTO,34.481676,-83.581436
1797,HABERSHAM,68003,186 HIGHWAY 441 BYPASS,BALDWIN,34.436452,-83.506318
1798,HABERSHAM,68008,250 ALABAMA ST,DEMOREST,34.563061,-83.547603
1799,HABERSHAM,68006,325 OAK STREET,CORNELIA,34.510624,-83.524736
1800,HABERSHAM,68014,1231 DICKS HILL PKWY,MOUNT AIRY,34.518753,-83.498253
1801,HABERSHAM,68015,120 PAUL FRANKLIN RD,CLARKESVILLE,34.606966,-83.5038
1802,HALL,69053,301 MAIN STREET,GAINESVILLE,34.2979,-83.825469
1803,HALL,69064,5867 BLACKJACK RD,FLOWERY BRANCH ,34.137467,-83.913084
1804,HALL,69035,3005 SARDIS ROAD,GAINESVILLE,34.348604,-83.892877
1805,HALL,69034,4675 WINDER HIGHWAY,FLOWERY BRANCH,34.175192,-83.838756
1806,HALL,69039,13 FIRST STREET,GAINESVILLE,34.251491,-83.844092
1807,HALL,69004,3428 ATLANTA HIGHWAY,FLOWERY BRANCH,34.220318,-83.864331
1808,HALL,69015,640 MAIN STREET,CLERMONT,34.486152,-83.768597
1809,HALL,69005,3911 P DAVISON ROAD,GAINESVILLE,34.318595,-83.736449
1810,HALL,69013,715 FAIR STREET,GAINESVILLE,34.299446,-83.81412
1811,HALL,69018,5106 SPRING STREET,FLOWERY BRANCH,34.185326,-83.922112
1812,HALL,69025,5767 MAIDEN LANE,LULA,34.384175,-83.668626
1813,HALL,69065,751 GREEN STREET NW,GAINESVILLE,34.309585,-83.829075
1814,HALL,69029,2780 THOMPSON BRIDGE ROAD,GAINESVILLE,34.347426,-83.850804
1815,HALL,69037,5544 W RADFORD ROAD,FLOWERY BRANCH,34.201132,-83.927765
1816,HALL,69048,1301 OTILA DRIVE,GAINESVILLE,34.304313,-83.8617
1817,HALL,69026,4160 MANGUM MILL ROAD,GAINESVILLE,34.241752,-83.705349
1818,HALL,69040,5086 POPLAR SPRINGS RD,GAINESVILLE,34.213135,-83.786294
1819,HALL,69063,4091 MOUNT VERNON RD,GAIINESVILLE,34.395098,-83.859525
1820,HALL,69022,2235 THOMPSON BRIDGE ROAD,GAINESVILLE,34.331682,-83.843591
1821,HALL,69033,3129 DUCKETT MILL ROAD,GAINESVILLE,34.325841,-83.917639
1822,HALL,69006,6152 MOUNT SALEM CIRCLE,FLOWERY BRANCH,34.157695,-83.945988
1823,HALL,69059,4491 JM TURK RD,FLOWERY BRANCH ,34.183812,-83.876042
1824,HALL,69030,4175 NOPONE RD,GAINESVILLE,34.405744,-83.797657
1825,HALL,69027,4107 RAILROAD STREET,OAKWOOD,34.227565,-83.884106
1826,HALL,69047,5004 MCEVER ROAD,OAKWOOD,34.235883,-83.895348
1827,HALL,69044,6079 HIGHWAY 52,GILLSVILLE,34.312047,-83.646547
1828,HALL,69061,3650 BROWNS BRIDGE RD,GAINESVILLE,34.280003,-83.900249
1829,HALL,69003,1715 CLEVELAND HIGHWAY,GAINESVILLE,34.330275,-83.814032
1830,HALL,69058,6488 SPOUT SPRINGS RD,FLOWERY BRANCH,34.15227,-83.894368
1831,HALL,69062,5043 THOMPSON BRIDGE RD,MURRAYVILLE,34.406483,-83.897637
1832,HALL,69016,7340 FRIENDSHIP SPRING BL,FLOWERY BRANCH,34.111467,-83.878104
1833,HANCOCK,70007,3841 HWY 22 W,SPARTA,33.197735,-83.078257
1834,HANCOCK,70002,10571 HWY 15 N,SPARTA,33.290605,-82.971652
1835,HANCOCK,70003,165 MAYFIELD CHURCH LN,SPARTA,33.35671,-82.802475
1836,HANCOCK,70011,4933 HICKORY GROVE CHURCH RD,SPARTA,33.259621,-82.838626
1837,HANCOCK,70004,9511 HWY 16 W,SPARTA,33.299518,-83.001029
1838,HANCOCK,70013,3014 BEULAH HWY,SPARTA,33.142467,-83.057347
1839,HANCOCK,70006,11646 LINTON RD,SPARTA,33.12173,-83.002119
1840,HANCOCK,70005,124 ST MARK CHURCH RD,SPARTA,33.279669,-82.99292
1841,HANCOCK,70012,78 WARREN RD,SPARTA,33.257961,-83.106323
1842,HANCOCK,70008,12560 AUGUSTA HWY E,SPARTA,33.277135,-82.964261
1843,HARALSON,71001,1055 OLD HWY 100,WACO,33.661186,-85.283536
1844,HARALSON,71002,417 RIVERS CIRCLE,BREMEN,33.726932,-85.135276
1845,HARALSON,71003,1955 MORGAN RD,BREMEN,33.782404,-85.102959
1846,HARALSON,71008,1675 COPPERMINE RD,BUCHANAN,33.845541,-85.096382
1847,HARALSON,71006,43 ROCKMART ROAD,BREMEN,33.818172,-85.099598
1848,HARALSON,71007,10 STEVE GARNER RD,BUCHANAN,33.88596,-85.224466
1849,HARALSON,71011,7494 GEORGIA HIGHWAY 100,BUCHANAN,33.851689,-85.292112
1850,HARALSON,71010,74 MTN VIEW CLUBHOUSE RD.,BUCHANAN,33.894579,-85.153703
1851,HARALSON,71009,25 RECREATION LN,BUCHANAN,33.789226,-85.187299
1852,HARALSON,71015,402 MOUNT ZION CHURCH RD,TALLAPOOSA,33.780413,-85.324016
1853,HARALSON,71012,160 WINDOM ST,TALLAPOOSA,33.752087,-85.293553
1854,HARALSON,71014,135 ATLANTIC AVE.,WACO,33.701862,-85.184313
1855,HARRIS,72001,1004 IVEY LANE,WEST POINT,32.869449,-85.170056
1856,HARRIS,72002,16117 GA HWY 315,ELLERSLIE,32.627365,-84.821179
1857,HARRIS,72003,2980 US HIGHWAY 27,CATAULA,32.641507,-84.883244
1858,HARRIS,72005,125 N COLLEGE ST,HAMILTON,32.7601,-84.875267
1859,HARRIS,72006,1803 HUNTER ROAD,CATAULA,32.646409,-84.949253
1860,HARRIS,72007,33 MOUNTAIN HILL RD,HAMILTON,32.697198,-85.024575
1861,HARRIS,72008,250 MCDOUGALD AVENUE,PINE MOUNTAIN,32.862313,-84.8518
1862,HARRIS,72009,95 PARK LANE,PINE MOUNTAIN VAL,32.802402,-84.820326
1863,HARRIS,72010,20 GA HWY 315,FORTSON,32.625681,-85.036106
1864,HARRIS,72011,1165 MAIN STREET,SHILOH,32.809535,-84.697097
1865,HARRIS,72012,9108 GA HWY 85,WAVERLY HALL,32.684979,-84.73555
1866,HARRIS,72014,4433 PINE LAKE RD,WEST POINT,32.821015,-85.040356
1867,HART,73001,2595 BIO CHURCH RD,HARTWELL,34.274064,-82.937002
1868,HART,73002,000 W MAIN ST,BOWERSVILLE,34.37526,-83.081569
1869,HART,73004,2207 COKESBURY HWY.,HARTWELL,34.302779,-82.832745
1870,HART,73005,6970 ROYSTON HIGHWAY,CANON,34.293029,-83.023907
1871,HART,73006,200 CLAY ST,HARTWELL,34.349483,-82.913928
1872,HART,73010,2395 PROVIDENCE CHURCH RD,LAVONIA,34.430422,-83.026902
1873,HART,73008,2011 REED CREEK SCHOOL RD,HARTWELL,34.444036,-82.922872
1874,HEARD,74002,715 CENTRALHATCHEE PKWY,FRANKLIN,33.369996,-85.10362
1875,HEARD,74018,24047 GA HWY 100,ROOPVILLE,33.399854,-85.253794
1876,HEARD,74006,365 JOE STEPHENS RD,FRANKLIN,33.34279,-84.985777
1877,HEARD,74007,3050 GLENN RD,FRANKLIN,33.184064,-85.22161
1878,HEARD,74009,4825 GA HIGHWAY 100,FRANKLIN,33.243219,-85.01942
1879,HEARD,74011,25 GLOVER RD,FRANKLIN,33.276967,-85.103743
1880,HENRY,75084,37 WOOLSEY RD,HAMPTON,33.380694,-84.293282
1881,HENRY,75033,171 COLLIER RD,STOCKBRIDGE,33.556522,-84.229519
1882,HENRY,75058,4 NORTH BETHANY RD.,MCDONOUGH,33.429844,-84.089649
1883,HENRY,75006,245 FAIRVIEW ROAD,STOCKBRIDGE,33.615865,-84.230229
1884,HENRY,75073,109 OAK ST.,HAMPTON,33.390293,-84.301143
1885,HENRY,75002,1234 PANOLA RD,ELLENWOOD,33.62896,-84.220457
1886,HENRY,75001,35 AUSTIN ROAD,STOCKBRIDGE,33.608526,-84.187368
1887,HENRY,75051,101 MACON ST,MCDONOUGH,33.444907,-84.146855
1888,HENRY,75045,2176 JONESBORO RD,MCDONOUGH,33.465937,-84.228637
1889,HENRY,75007,3707 JODECO RD,MCDONOUGH,33.483819,-84.192807
1890,HENRY,75037,45 MT. CARMEL RD,MCDONOUGH,33.45787,-84.195577
1891,HENRY,75003,911 SIMPSON MILL RD,LOCUST GROVE,33.381346,-84.215142
1892,HENRY,75062,4035 JODECO RD,MCDONOUGH,33.486292,-84.182961
1893,HENRY,75004,1041 MILLERS MILL ROAD,STOCKBRIDGE,33.536153,-84.163806
1894,HENRY,75024,1500 JODECO RD,STOCKBRIDGE,33.491481,-84.23791
1895,HENRY,75057,3637 AIRLINE ROAD,MCDONOUGH,33.540105,-84.089833
1896,HENRY,75020,2957 MT. CARMEL RD,HAMPTON,33.426849,-84.276105
1897,HENRY,75015,1615 E. ATLANTA ROAD,STOCKBRIDGE,33.58584,-84.231932
1898,HENRY,75036,280 MOSE BROWN DR,LOCUST GROVE,33.359953,-84.108634
1899,HENRY,75059,115 M.L K. JR. BLVD,LOCUST GROVE,33.337108,-84.107813
1900,HENRY,75049,211 PEEKSVILLE RD,LOCUST GROVE,33.35193,-84.104312
1901,HENRY,75012,427 MCGARITY RD,MCDONOUGH,33.453659,-84.132957
1902,HENRY,75034,111 DAVIS RD,STOCKBRIDGE,33.548855,-84.234006
1903,HENRY,75053,992 MT. BETHEL RD,MCDONOUGH,33.440182,-83.999864
1904,HENRY,75028,1960 NEW HOPE RD,LOCUST GROVE,33.392085,-84.021562
1905,HENRY,75035,1093 FLAT ROCK ROAD,STOCKBRIDGE,33.564701,-84.198508
1906,HENRY,75022,1005 HIGHWAY 81 WEST,MCDONOUGH,33.427797,-84.212208
1907,HENRY,75026,2355 OLD JACKSON ROAD,LOCUST GROVE,33.379603,-84.052131
1908,HENRY,75031,3894 WALT STEPHENS ROAD,STOCKBRIDGE,33.525014,-84.264969
1909,HENRY,75005,1724 HIGHWAY 155 N,MCDONOUGH,33.498183,-84.143575
1910,HENRY,75023,571 NORTH OLA ROAD,MCDONOUGH,33.451033,-84.041653
1911,HENRY,75060,253 MACON STREET,MCDONOUGH,33.440164,-84.146522
1912,HENRY,75054,1865 HWY 20 E,MCDONOUGH,33.482178,-84.096603
1913,HENRY,75027,4401 HIGHWAY 155 N,STOCKBRIDGE,33.566321,-84.145448
1914,HENRY,75025,4863 N. HENRY BLVD,STOCKBRIDGE,33.543287,-84.238863
1915,HENRY,75014,1640 HIGHWAY 42 N,MCDONOUGH,33.490189,-84.173844
1916,HENRY,75011,397 RACETRACK RD,MCDONOUGH,33.432169,-84.133484
1917,HOUSTON,76002,125 HIGHWAY 96 E,BONAIRE,32.547014,-83.589212
1918,HOUSTON,76003,300 E CHURCH ST,CENTERVILLE,32.622989,-83.683044
1919,HOUSTON,76059,71 COHEN WALKER DR,WARNER ROBINS,32.546345,-83.677069
1920,HOUSTON,76005,200 CARL VINSON PKWY,WARNER ROBINS,32.594604,-83.663166
1921,HOUSTON,76008,1200 FEAGIN MILL ROAD,WARNER ROBINS,32.569479,-83.676145
1922,HOUSTON,76010,3004 HWY 341 S,HAWKINSVILLE,32.383273,-83.620283
1923,HOUSTON,76011,225 HIGHWAY 26 E,ELKO,32.339891,-83.776503
1924,HOUSTON,76012,1311 CORDER- BACK PARKING LT,WARNER ROBINS,32.595205,-83.654282
1925,HOUSTON,76016,233 N HOUSTON RD,WARNER ROBINS,32.621055,-83.641775
1926,HOUSTON,76016,233 N HOUSTON RD,WARNER ROBINS,32.621055,-83.641775
1927,HOUSTON,76037,200 DANNY CARPENTER DR,KATHLEEN,32.5361,-83.700078
1928,HOUSTON,76022,305 SULLIVAN ROAD,WARNER ROBINS,32.65527,-83.657128
1929,HOUSTON,76057,1060 KEITH DR,PERRY,32.46308,-83.704783
1930,HOUSTON,76031,2841 MOODY ROAD,WARNER ROBINS,32.563871,-83.626033
1931,HOUSTON,76036,301 THOMSON ST,CENTERVILLE,32.633459,-83.694352
1932,HOUSTON,76038,340 PINEY GROVE RD,KATHLEEN,32.513546,-83.610544
1933,HOUSTON,76032,800 WATSON BLVD,WARNER ROBINS,32.619067,-83.609001
1934,IRWIN,77003,129 HOLT RD,WRAY,31.593966,-83.149916
1935,IRWIN,77016,1 COUNTY ROAD 302,FITZGERALD,32.054961,-83.950744
1936,IRWIN,77015,711 S IRWIN AVE,OCILLA,31.5869,-83.2509
1937,JACKSON,78028,2001 CHERRY DRIVE,BRASELTON,34.112891,-83.765972
1938,JACKSON,78027,2106 OLD PENDERGRASS RD,JEFFERSON,34.122971,-83.613648
1939,JACKSON,78026,190 MT OLIVE CHURCH RD,COMMERCE,34.219874,-83.483861
1940,JACKSON,78020,8144 JEFFERSON ROAD,ATHENS,34.039556,-83.500115
1941,JASPER,79002,4431 JACKSON LAKE ROAD,MONTICELLO,33.377989,-83.819271
1942,JASPER,79003,126 WEST GREENE STREET SUITE 6,MONTICELLO,33.304991,-83.683561
1943,JASPER,79007,8994 HIGHWAY 142,NEWBORN,33.466469,-83.636491
1944,JEFF DAVIS,80001,4 JAKE CLEMENTS ROAD,HAZLEHURST,31.900052,-82.477883
1945,JEFF DAVIS,80004,7 W. GEORGIA AVE,DENTON,31.722796,-82.700929
1946,JEFF DAVIS,80014,52 N. WILLIAMS STREET,HAZLEHURST,31.870824,-82.596828
1947,JEFF DAVIS,80013,940 KIRKLAND STILL ROAD,HAZLEHURST,31.83614,-82.704321
1948,JEFF DAVIS,80011,1173 ALMA HWY,HAZLEHURST,31.788477,-82.564335
1949,JEFF DAVIS,80012,35 E JEFFERSON ST,HAZLEHURST,31.859816,-82.601199
1950,JEFF DAVIS,80012,35 E JEFFERSON ST,HAZLEHURST,31.859816,-82.601199
1951,JEFF DAVIS,80012,35 E JEFFERSON ST,HAZLEHURST,31.859816,-82.601199
1952,JEFF DAVIS,80012,35 E JEFFERSON ST,HAZLEHURST,31.859816,-82.601199
1953,JEFFERSON,81002,9446 BROAD STREET,AVERA,33.19447,-82.527216
1954,JEFFERSON,81001,1138 ACADEMY CIRCLE,BARTOW,32.882317,-82.471328
1955,JEFFERSON,81004,101 MCNAIR STREET,WRENS,33.209832,-82.384131
1956,JEFFERSON,81008,209 E 7TH STREET,LOUISVILLE,32.99991,-82.407211
1957,JEFFERSON,81005,5812 HWY 88 EAST,MATTHEWS,33.209824,-82.306837
1958,JEFFERSON,81009,120 W. MAIN STREET,STAPLETON,33.215991,-82.468755
1959,JEFFERSON,81007,2655 MENNONITE CHURCH RD,STAPLETON,33.099351,-82.430618
1960,JEFFERSON,81006,134 W. COLLEGE AVENUE,WADLEY,32.868728,-82.407354
1961,JENKINS,82003,5225 ELAM RD,MILLEN,32.671089,-81.997271
1962,JENKINS,82005,1629 PERKINS GREEN FORK RD,PERKINS,32.910237,-81.962111
1963,JENKINS,82006,998 E. COLLEGE AVE.,MILLEN,32.804832,-81.937698
1964,JENKINS,82006,998 E. COLLEGE AVE.,MILLEN,32.804832,-81.937698
1965,JENKINS,82006,998 E. COLLEGE AVE.,MILLEN,32.804832,-81.937698
1966,JOHNSON,83003,1985 MONTGOMERY ST,KITE,32.689997,-82.513912
1967,JOHNSON,83007,2079 GA HWY 57 W,WRIGHTSVILLE,32.735523,-82.779757
1968,JOHNSON,83009,985 PENDLETON CREEK RD,ADRIAN,32.550746,-82.667804
1969,JOHNSON,83011,17 CEDAR CREEK DR,WRIGHTSVILLE,32.723869,-82.709426
1970,JONES,84008,1822 ROUND OAK JULIETTE R,JULIETTE,33.095007,-83.754129
1971,JONES,84001,166 INDUSTRIAL BLVD,GRAY,33.02172,-83.534908
1972,JONES,84005,1312 GA HIGHWAY 22 E,HADDOCK,33.033283,-83.43461
1973,JONES,84004,132 JAMES RD,GRAY,32.966302,-83.477141
1974,JONES,84009,3849 UPPER RIVER RD,MACON,32.945981,-83.647263
1975,JONES,84003,449 GA HIGHWAY 49,MACON,32.825286,-83.67504
1976,JONES,84010,304 ROCK CREEK/GRAY HWY,GRAY,32.934398,-83.581966
1977,JONES,84002,126 SENIOR CENTER WAY,GRAY,33.00015,-83.549147
1978,JONES,84006,1105 GREENE SETTLEMENT RD,GRAY,33.056315,-83.60011
1979,JONES,84011,161 W CLINTON ST,GRAY,33.008057,-83.538587
1980,LAMAR,85004,313 PARKER BRANCH ROAD,BARNESVILLE,33.161364,-84.075125
1981,LAMAR,85003,401 THOMASTON ST,BARNESVILLE,33.051957,-84.157441
1982,LAMAR,85007,118 ACADEMY DR.,BARNESVILLE,33.034749,-84.147903
1983,LAMAR,85005,159 MAIN ST,MILNER,33.115209,-84.195035
1984,LAMAR,85008,483 COMMUNITY HOUSE RD.,BARNESVILLE,32.990994,-84.098305
1985,LAMAR,85001,106 VETERANS WAY,BARNESVILLE,33.052459,-84.140638
1986,LANIER,86001,162 W THIGPEN AVE SUITE C,LAKELAND,31.042477,-83.090127
1987,LAURENS,87008,510 S PEACHTREE RD,EAST DUBLIN,32.592708,-82.797959
1988,LAURENS,87004,876 BEN HALL LAKE RD,EAST DUBLIN,32.64054,-82.854234
1989,LAURENS,87006,2872 HWY 117,CADWELL,32.340718,-83.040947
1990,LAURENS,87009,2669 HIGHWAY 46,DUBLIN,32.255255,-82.901593
1991,LAURENS,87011,303 MILL STREET,DEXTER,32.432389,-83.058028
1992,LAURENS,87012,1108 MAIN ST,DUDLEY,32.537873,-83.07417
1993,LAURENS,87019,108 MAIDEN LANE,DUBLIN,32.539245,-82.910461
1994,LAURENS,87003,580 PARKER DAIRY RD,DUBLIN,32.580564,-82.923563
1995,LAURENS,87025,128 VALAMBROSIA RD,DUBLIN,32.507982,-82.97563
1996,LAURENS,87026,2040 GA HIGHWAY 29 S,EAST DUBLIN,32.498461,-82.775829
1997,LAURENS,87027,1090 FIRST ST,MONTROSE,32.560615,-83.152739
1998,LAURENS,87017,2115 DAVIDSON ST,RENTZ,32.384305,-82.992797
1999,LAURENS,87015,1411 S POPLAR SPRINGS CH RD,DUBLIN,32.372162,-82.882166
2000,LAURENS,87023,102 BROAD ST,EAST DUBLIN,32.543138,-82.865814
2001,LAURENS,87024,309 NORTH CALHOUN STREET,DUBLIN,32.540945,-82.914069
2002,LAURENS,87002,2897 US HIGHWAY 441 N,DUBLIN,32.642042,-83.023012
2003,LEE,88002,"934 US HIGHWAY 19, SOUTH",LEESBURG,31.674793,-84.17332
2004,LEE,88003,103 LARAMORE ROAD,LEESBURG,31.786824,-84.05439
2005,LEE,88004,119 PINEWOOD RD,LEESBURG,31.764326,-84.188758
2006,LEE,88008,145 OAKLAND PARKWAY,LEESBURG,31.639563,-84.245187
2007,LEE,88011,121 CREEKSIDE DRIVE,LEESBURG,31.666041,-84.174729
2008,LEE,88001,963 STATE HIGHWAY 32 WEST,LEESBURG,31.720106,-84.235111
2009,LEE,88005,342 LESLIE HIGHWAY,LEESBURG,31.745487,-84.160543
2010,LEE,88009,1286 GRAVES SPRINGS ROAD,LEESBURG,31.653007,-84.095956
2011,LEE,88007,381 FUSSELL ROAD,LEESBURG,31.633303,-84.216276
2012,LEE,88010,106 N MAIN STREET,SMITHVILLE,31.90311,-84.252184
2013,LIBERTY,89002,1450 W. OGLETHORPE HWY,HINESVILLE,31.794588,-81.606668
2014,LIBERTY,89018,5380 HWY 196 W,GUM BRANCH,0,0
2015,LIBERTY,89010,220 E MEMORIAL DR,HINESVILLE,31.849225,-81.593527
2016,LIBERTY,89003,635 TAYLOR ROAD,HINESVILLE,31.858737,-81.601242
2017,LIBERTY,89014,800C TUPELO TRAIL,HINESVILLE,31.845142,-81.573242
2018,LIBERTY,89007,3526 N. COASTAL HIGHWAY,FLEMING,31.844291,-81.411207
2019,LIBERTY,89008,1544 LEROY COFFER HWY,FLEMING,31.82135,-81.63666
2020,LIBERTY,89015,933 (B) E G MILES PARKWAY,HINESVILLE,31.82997,-81.632355
2021,LIBERTY,89011,910 LONG-FRASIER ST.,HINESVILLE,31.814305,-81.599277
2022,LIBERTY,89006,9397 E. OGLETHORPE HWY.,MIDWAY,31.798215,-81.454341
2023,LIBERTY,89012,1396 SHAW RD,HINESVILLE,31.795382,-81.613331
2024,LIBERTY,89005,5649 S. COASTAL HWY,RICEBORO,31.728096,-81.425744
2025,LIBERTY,89020,1406 AIRPORT ROAD,HINESVILLE,31.797542,-81.641678
2026,LINCOLN,90001,2615 BETHANY CHURCH RD,LINCOLNTON,33.850733,-82.436397
2027,LINCOLN,90002,1437 LEATHERSVILLE ROAD,LINCOLNTON,33.766757,-82.468516
2028,LINCOLN,90003,160 MAY AVE,LINCOLNTON,33.787126,-82.476132
2029,LINCOLN,90004,255 N WASHINGTON ST,LINCOLNTON,33.794986,-82.479677
2030,LINCOLN,90005,3558 DOUBLE BRANCH RD,LINCOLNTON,33.772192,-82.370814
2031,LINCOLN,90006,2632 MIDWAY CH RD,LINCOLNTON,33.879088,-82.552219
2032,LINCOLN,90007,6119 HIGHWAY 220 WEST,LINCOLNTON,33.745434,-82.395194
2033,LONG,91009,834 ALMA FLOURNOY,LUDOWICI,31.813289,-81.851738
2034,LONG,91006,469 N MACON ST,LUDOWICI,31.719218,-81.748889
2035,LONG,91008,469 N MACON ST,LUDOWICI,31.719218,-81.748889
2036,LONG,91004,2252 DARWELL LONG ROAD,LUDOWICI,31.813328,-81.753304
2037,LONG,91002,3218 MARCUS NOBLES HWY,LUDOWICI,31.867851,-81.882593
2038,LONG,91001,198 MAIN ST EXT. SW,LUDOWICI,31.711527,-81.746032
2039,LONG,91005,1431 OFF HWY 57 S,LUDOWICI,31.718958,-81.752181
2040,LOWNDES,92033,220 W MAIN ST,HAHIRA,30.991579,-83.374689
2041,LOWNDES,92088,3501 BEMISS RD,VALDOSTA,30.890305,-83.27129
2042,LOWNDES,92086,200 E PARK AVE,VALDOSTA,30.857591,-83.286172
2043,LOWNDES,92059,6030 SAVANNAH AVE,NAYLOR,30.908413,-83.075641
2044,LOWNDES,92090,1 MEETING PL,VALDOSTA,30.822611,-83.317302
2045,LOWNDES,92119,509 S FRY ST,VALDOSTA,30.82838,-83.267501
2046,LOWNDES,92127,5241 MADISON HWY,VALDOSTA,30.695568,-83.31292
2047,LOWNDES,92053,3686 US HWY 41 S,VALDOSTA,30.751511,-83.218248
2048,LOWNDES,92054,6440 OCEAN POND AVE,LAKE PARK,30.67294,-83.185058
2049,LOWNDES,92128,1215 N PATTERSON ST,VALDOSTA,30.843263,-83.285488
2050,LOWNDES,92129,2306 JAYCEE SHACK RD,VALDOSTA,30.874043,-83.252807
2051,LOWNDES,92130,4165 BEMISS RD,VALDOSTA,30.915057,-83.259281
2052,LOWNDES,92131,500 E. FORCE ST,VALDOSTA,30.842583,-83.277886
2053,LUMPKIN,93025,365 RILEY RD,DAHLONEGA,34.529253,-83.974542
2054,MACON,94001,324 ENGRAM ST,MONTEZUMA,32.304128,-84.025828
2055,MACON,94004,606 TOM WATSON AVE (POB 9),IDEAL,32.376548,-84.188084
2056,MACON,94011,100 MACON ST,OGLETHORPE,32.295043,-84.059677
2057,MACON,94007,700 VIENNA RD,MONTEZUMA,32.290568,-84.015459
2058,MACON,94008,106 CAMELLIA BLVD,MARSHALLVILLE,32.456974,-83.941518
2059,MADISON,95001,100 CHURCH STREET,CARLTON,33.967057,-83.278586
2060,MADISON,95004,1984 CENTER STREET,COMER,34.063226,-83.12643
2061,MADISON,95002,65 S. FIFTH ST,COLBERT,34.037308,-83.209946
2062,MADISON,95003,8631 HIGHWAY 172,COMER,34.137547,-83.101731
2063,MADISON,95006,3710 WILDCAT BRIDGE RD,ROYSTON,34.229468,-83.12102
2064,MADISON,95008,1346 OLD ELBERTON RD,HULL,34.013079,-83.292856
2065,MADISON,95009,5211 DANIELSVILLE ST,ILA,0,0
2066,MADISON,95010,5601 HWY 29N,DANIELSVILLE,0,0
2067,MADISON,95011,94 SPRING LAKE DR,DANIELSVILLE,34.138582,-83.217053
2068,MADISON,95012,2466 NEW HOPE CHURCH RD,COMER,34.070262,-83.103934
2069,MADISON,95013,1706 HUDSON RIVER CHURCH RD,DANIELSVILLE,34.191429,-83.30613
2070,MADISON,95015,6469 NOWHERE RD,HULL,34.075336,-83.352996
2071,MARION,96001,1414 JOHNNY MILLER RD,BUENA VISTA,32.369681,-84.559743
2072,MARION,96006,100 E BURKHALTER AV,BUENA VISTA,32.323267,-84.519275
2073,MARION,96005,2867 GA HWY 127,MAUK,32.50181,-84.42103
2074,MARION,96007,6245 GA HWY 355,BOX SPRINGS,32.4776,-84.636331
2075,MARION,96008,16 RONNIE ROAD,BUENA VISTA,32.381065,-84.440191
2076,MCDUFFIE,97501,4614 AUGUSTA HWY,DEARING,33.412942,-82.384464
2077,MCDUFFIE,97501,4614 AUGUSTA HWY,DEARING,33.412942,-82.384464
2078,MCDUFFIE,97008,525 MAIN ST,THOMSON,33.473079,-82.505872
2079,MCDUFFIE,97008,525 MAIN ST,THOMSON,33.473079,-82.505872
2080,MCDUFFIE,97008,525 MAIN ST,THOMSON,33.473079,-82.505872
2081,MCDUFFIE,97008,525 MAIN ST,THOMSON,33.473079,-82.505872
2082,MCDUFFIE,97008,525 MAIN ST,THOMSON,33.473079,-82.505872
2083,MCDUFFIE,97008,525 MAIN ST,THOMSON,33.473079,-82.505872
2084,MCDUFFIE,97008,525 MAIN ST,THOMSON,33.473079,-82.505872
2085,MCINTOSH,98002,1127 OLD TRAIL RD NE,TOWNSEND,31.510298,-81.367473
2086,MCINTOSH,98003,1140 BLOUNTS CROSSING RD SE,DARIEN,31.392814,-81.429908
2087,MCINTOSH,98005,700 NORTH WAY,DARIEN,31.373471,-81.433336
2088,MCINTOSH,98007,2337 E/W AUTOBAHM RD,SAPELO ISLAND,31.424832,-81.265944
2089,MCINTOSH,98006,6572 SHELLMAN BLUFF ROAD NE,TOWNSEND,31.574694,-81.344086
2090,MCINTOSH,98008,2352 CHURCH OF GOD RD NW,TOWNSEND,31.543906,-81.519655
2091,MERIWETHER,99001,24690 HWY 85,GAY,33.171195,-84.580306
2092,MERIWETHER,99002,30 BRANCH HEBRON RD,GREENVILLE,33.01489,-84.81199
2093,MERIWETHER,99003,91 BROAD ST,WARM SPRINGS,32.890838,-84.679819
2094,MERIWETHER,99007,103 2ND AVE,MANCHESTER,32.851862,-84.614786
2095,MERIWETHER,99008,3480 COVE RD,WOODBURY,32.944759,-84.543818
2096,MERIWETHER,99009,324 SILVER ST,WARM SPRINGS,32.917667,-84.770599
2097,MERIWETHER,99010,1218 CHALYBEATE RD,MANCHESTER,32.856637,-84.58549
2098,MERIWETHER,99004,4212 HARMONY CHRUCH RD,WOODBURY,32.940979,-84.691636
2099,MERIWETHER,99012,4943 LONE OAK RD,GRANTVILLE,33.223759,-84.82507
2100,MERIWETHER,99013,104 WORTHAM ROAD,LUTHERSVILLE,33.206487,-84.741131
2101,MERIWETHER,99015,218 PERRY ST,MANCHESTER,32.860327,-84.614679
2102,MERIWETHER,99016,1224 TERRELL STREET,GREENVILLE,33.025783,-84.715129
2103,MERIWETHER,99011,19125 HWY 85,GAY,33.098017,-84.579415
2104,MERIWETHER,99017,18053 MAIN STREET,WOODBURY,32.984534,-84.584004
2105,MILLER,100001,4 MAYHAW DR,COLQUITT,31.158324,-84.792692
2106,MITCHELL,101001,7936 GA HIGHWAY 65,CAMILLA,31.150619,-84.316512
2107,MITCHELL,101003,415 W RAILROAD ST S,PELHAM,31.118783,-84.151319
2108,MITCHELL,101013,123 PERRY ST,CAMILLA,31.227403,-84.205926
2109,MITCHELL,101005,4562 STAGE COACH RD,PELHAM,31.162223,-84.066957
2110,MITCHELL,101006,3045 WHITE CHURCH RD,MEIGS,31.181202,-84.028233
2111,MITCHELL,101007,9925 GA HIGHWAY 65,CAMILLA,31.168625,-84.39074
2112,MITCHELL,101008,333 E WALTON ST,BACONTON,31.37528,-84.154731
2113,MITCHELL,101009,400 PECAN DR,CAMILLA,31.242053,-84.211016
2114,MITCHELL,101010,8837 FRAZIER RD,BACONTON,31.368893,-84.048202
2115,MITCHELL,101011,2100 GA HWY 37,SALE CITY,31.247753,-84.075365
2116,MITCHELL,101012,221 SOUTH BARNES ST,SALE CITY,31.258768,-84.022024
2117,MONROE,102002,193 HOPEWELL RD,FORSYTH,32.972961,-83.971899
2118,MONROE,102003,66 BLUE RIDGE SCHOOL RD,FORSYTH,33.170746,-83.911819
2119,MONROE,102005,9 COLLEGE ST,CULLODEN,32.85843,-84.102399
2120,MONROE,102006,2220 ENGLISH ROAD,FORSYTH,33.113699,-83.994993
2121,MONROE,102007,4418 HIGH FALLS RD,JACKSON,33.184115,-84.010335
2122,MONROE,102008,5487 JULIETTE RD,JULIETTE,33.106757,-83.801438
2123,MONROE,102009,1195 JULIETTE RD,FORSYTH,33.044616,-83.909473
2124,MONROE,102035,430 DAN PITTS DR,FORSYTH,33.061104,-83.95635
2125,MONROE,102010,7015 RIVOLI RD,MACON,32.934196,-83.78954
2126,MONROE,102001,5691 HWY 42N,FORSYTH,33.025944,-83.915021
2127,MONROE,102011,95 POPES FERRY RD,MACON,32.804382,-83.617554
2128,MONROE,102014,73 RUSSELLVILLE RD,FORSYTH,32.901456,-83.988723
2129,MONROE,102015,2519 SHI RD,FORSYTH,32.909378,-83.901998
2130,MONROE,102016,50 EVANS RD,FORSYTH,32.98323,-83.875183
2131,MONTGOMERY,103001,251 RICHARDSON ST,MOUNT VERNON,32.177725,-82.596262
2132,MONTGOMERY,103002,324 N PINE ST,AILEY,32.188975,-82.562237
2133,MONTGOMERY,103005,5177 GA HIGHWAY 135,ALSTON,32.08012,-82.477314
2134,MONTGOMERY,103004,310 JAMES ST,HIGGSTON,32.217714,-82.467912
2135,MONTGOMERY,103006,3800 THOMPSON POND RD,TARRYTOWN,32.281915,-82.475126
2136,MONTGOMERY,103008,503 MAIN ST,TARRYTOWN,32.03716,-82.512887
2137,MONTGOMERY,103003,830 W MAIN ST,UVALDA,32.042124,-82.517536
2138,MORGAN,104011,4291 SEVEN ISLANDS RD,MADISON,33.494362,-83.416542
2139,MORGAN,104018,1061 PARKS MILL RD,BUCKHEAD,33.567935,-83.359394
2140,MORGAN,104019,5321 BROWNWOOD RD,RUTLEDGE,33.585189,-83.609831
2141,MORGAN,104013,2391 BROUGHTON RD,NEWBORN,33.50373,-83.603566
2142,MORGAN,104020,1041 CHURCH ST,BOSTWICK,33.73734,-83.51433
2143,MORGAN,104021,"2005 S MAIN ST, SUITE 100",MADISON,33.583973,-83.481216
2144,MORGAN,104017,1253 COLLEGE DRIVE,MADISON,33.595966,-83.450188
2145,MURRAY,105005,85 SHIELDS RD,CRANDALL,34.958076,-84.75504
2146,MURRAY,105006,6620 HWY 225 S,CHATSWORTH,34.668808,-84.824801
2147,MURRAY,105004,2309 OLD HWY 411,CHATSWORTH,34.702159,-84.738798
2148,MURRAY,105003,651 HYDEN TYLER RD,CHATSWORTH,34.791974,-84.759563
2149,MURRAY,105007,651 HYDEN TYLER RD,CHATSWORTH,34.791974,-84.759563
2150,MURRAY,105008,731 HWY 225 N.,CHATSWORTH,34.772444,-84.824655
2151,MURRAY,105009,50 ZION HILL CHURCH RD,CHATSWORTH,34.869683,-84.800976
2152,MUSCOGEE,106054,2801 BRITT DAVID ROAD,COLUMBUS,32.528385,-84.950608
2153,MUSCOGEE,106065,2835 BRANTON WOODS DR,COLUMBUS,32.486622,-84.895983
2154,MUSCOGEE,106067,4400 REESE ROAD,COLUMBUS,32.505652,-84.91243
2155,MUSCOGEE,106052,3000 MACON ROAD,COLUMBUS,32.476922,-84.943951
2156,MUSCOGEE,106057,928 MANCHESTER EXPWY,COLUMBUS,32.506486,-84.979368
2157,MUSCOGEE,106056,7701 LLOYD RD,COLUMBUS,32.559664,-84.958742
2158,MUSCOGEE,106060,3013 CUSSETA RD,COLUMBUS,32.442951,-84.949987
2159,MUSCOGEE,106076,3564 FORREST RD,COLUMBUS,32.484858,-84.934845
2160,MUSCOGEE,106074,2400 DEVONSHIRE DRIVE,COLUMBUS,32.508566,-84.957326
2161,MUSCOGEE,106064,1603 FLOYD RD,COLUMBUS,32.475915,-84.899725
2162,MUSCOGEE,106072,901 5TH AVENUE,COLUMBUS,32.463143,-84.986684
2163,MUSCOGEE,106066,6028 BUENA VISTA RD,COLUMBUS,32.460862,-84.886911
2164,MUSCOGEE,106075,1212 15TH STREET,COLUMBUS,32.474208,-84.975493
2165,MUSCOGEE,106063,4400 OLD CUSSETA RD,COLUMBUS,32.429705,-84.925801
2166,MUSCOGEE,106069,7300 LIVINGSTON DRIVE,COLUMBUS,32.549859,-84.930656
2167,MUSCOGEE,106061,1953 TORCH HILL ROAD,COLUMBUS,32.41739,-84.948656
2168,MUSCOGEE,106077,6500 PSALMOND ROAD,COLUMBUS,32.541855,-84.855527
2169,MUSCOGEE,106071,5201 WARM SPRINGS ROAD,COLUMBUS,32.537614,-84.903502
2170,MUSCOGEE,106070,4980 HANCOCK ROAD,MIDLAND,32.570613,-84.91452
2171,MUSCOGEE,106053,5025 STEAM MILL RD,COLUMBUS,32.457342,-84.907788
2172,MUSCOGEE,106058,6795 WHITESVILLE ROAD,COLUMBUS,32.544221,-84.968298
2173,MUSCOGEE,106079,2101 WILDWOOD AVENUE,COLUMBUS,32.482311,-84.962649
2174,MUSCOGEE,106055,6507 MOON RD,COLUMBUS,32.540208,-84.925066
2175,MUSCOGEE,106059,500 RIVER KNOLL WAY,COLUMBUS,32.533608,-84.988479
2176,MUSCOGEE,106051,2412 WYNNTON ROAD,COLUMBUS,32.470077,-84.956752
2177,NEWTON,107001,65 MT TABOR RD,COVINGTON,33.62117,-83.92318
2178,NEWTON,107003,"3275 IRIS DR, SE",CONYERS,33.639986,-83.984749
2179,NEWTON,107024,20 OLD SOCIAL CIRCLE RD,SOCIAL CIRCLE,33.602153,-83.74422
2180,NEWTON,107007,11157 CITY POND RD,COVINGTON,33.624924,-83.846991
2181,NEWTON,107005,"3325 HIGHWAY 162, S",COVINGTON,33.4842,-83.910824
2182,NEWTON,107008,11677 BROWN BRIDGE RD,COVINGTON,33.580816,-83.921897
2183,NEWTON,107009,325 DIAL MILL RD,OXFORD,33.68956,-83.901083
2184,NEWTON,107011,12025 HWY 36,COVINGTON,33.524158,-83.852294
2185,NEWTON,107043,3915 HIGHWAY 162,COVINGTON,33.46784,-83.908249
2186,NEWTON,107041,5133 JACKSON HIGHWAY,COVINGTON,33.586172,-83.85507
2187,NEWTON,107013,3158 S MAIN ST (HWY 11),MANSFIELD,33.516605,-83.734071
2188,NEWTON,107036,118 CHURCH ST,NEWBORN,33.518429,-83.694883
2189,NEWTON,107015,7116 FLOYD ST,COVINGTON,33.599256,-83.839349
2190,NEWTON,107016,110 W CLARK ST,OXFORD,33.623726,-83.867623
2191,NEWTON,107034,2 PALMETTO ST,PORTERDALE,33.57451,-83.892397
2192,NEWTON,107018,6752 HIGHWAY 212,COVINGTON,33.540355,-84.00952
2193,NEWTON,107019,15105 HWY 36,COVINGTON,33.44154,-83.844315
2194,NEWTON,107021,"11524 HWY 278, E",COVINGTON,33.594331,-83.786159
2195,NEWTON,107023,"1120 CROWELL RD, N",COVINGTON,33.613234,-83.919959
2196,NEWTON,107020,4648 SALEM RD,COVINGTON,33.570755,-83.954537
2197,NEWTON,107022,4138 SCHOOL ST,COVINGTON,33.593701,-83.868698
2198,NEWTON,107004,"7037 HIGHWAY 212, N",COVINGTON,33.545253,-84.016256
2199,OCONEE,108001,1100 ANTIOCH CHURCH RD,WATKINSVILLE,33.767624,-83.314043
2200,OCONEE,108002,4651 MONROE HIGHWAY,STATHAM,33.898843,-83.575778
2201,OCONEE,108007,1110 OLD BISHOP RD,BISHOP,33.821659,-83.436578
2202,OCONEE,108003,1110 OLD BISHOP RD,BISHOP,33.821659,-83.436578
2203,OCONEE,108004,141 EAST THOMPSON STREET,BOGART,33.947446,-83.530932
2204,OCONEE,108010,1120 MALCOM BRIDGE RD,BOGART,33.874167,-83.505205
2205,OCONEE,108009,1120 MALCOM BRIDGE RD,BOGART,33.874167,-83.505205
2206,OCONEE,108012,3761 MARS HILL ROAD,WATKINSVILLE,33.915514,-83.504772
2207,OCONEE,108005,8780 MACON HWY,ATHENS,33.906872,-83.401851
2208,OCONEE,108008,2661 HOG MOUNTAIN RD,WATKINSVILLE,33.862612,-83.455243
2209,OCONEE,108011,2700 COLHAM FERRY RD,WATKINSVILLE,33.811042,-83.401767
2210,OCONEE,108013,191 V.F.W. DRIVE,WATKINSVILLE,33.86757,-83.418616
2211,OGLETHORPE,109002,1158 ATHENS ROAD,CRAWFORD,33.882735,-83.156112
2212,OGLETHORPE,109006,118 N PLATT ST,LEXINGTON,33.8689,-83.110918
2213,OGLETHORPE,109012,1134 HARGROVE LAKE RD,COLBERT,33.971143,-83.223029
2214,PAULDING,110062,229 PLEASANT GROVE RD,ROCKMART,33.878798,-85.007476
2215,PAULDING,110047,8650 CARTERSVILLE HIGHWAY,DALLAS,34.033004,-84.840247
2216,PAULDING,110053,909 HARMONY GROVE CHURCH RD,ACWORTH,34.05056,-84.779086
2217,PAULDING,110058,140 BETHEL CHURCH RD,HIRAM,33.829972,-84.78149
2218,PAULDING,110064,637 WILLIAMS LAKE RD,HIRAM,33.832996,-84.752611
2219,PAULDING,110050,2945 HIRAM ACWORTH HWY,DALLAS,33.93328,-84.747612
2220,PAULDING,110056,2976 DALLAS ACWORTH HWY,DALLAS,33.944649,-84.805512
2221,PAULDING,110061,1849 MULBERRY ROCK RD,DALLAS,33.840553,-84.948295
2222,PAULDING,110044,2843 NEBO RD,DALLAS,33.83672,-84.838405
2223,PAULDING,110063,730 AIRPORT PKWY,DALLAS,33.915314,-84.939816
2224,PAULDING,110055,54 INDUSTRIAL WAY N,DALLAS,33.942905,-84.816937
2225,PAULDING,110065,7147 HIRAM ACWORTH HWY,DALLAS,33.990069,-84.750231
2226,PAULDING,110057,2056 HIRAM DOUGLASVILLE HWY,HIRAM,33.863338,-84.763187
2227,PAULDING,110054,44 RUSSOM ELEM SCHOOL LN,DALLAS,33.972374,-85.010436
2228,PAULDING,110049,1531 CEDARCREST RD,DALLAS,34.024941,-84.775657
2229,PAULDING,110059,1380 PINE VALLEY RD,POWDER SPRINGS,33.830363,-84.738428
2230,PAULDING,110012,855 HIRAM DVILLE HWY,HIRAM,33.903014,-84.774683
2231,PAULDING,110006,240 CONSTITUTION BLVD,DALLAS,33.917152,-84.847724
2232,PAULDING,110060,298 MUSTANG DR,DALLAS,33.879481,-84.832504
2233,PEACH,111006,700 SPRUCE ST,FORT VALLEY,32.544929,-83.883057
2234,PEACH,111001,401 MAIN ST,BYRON,32.654191,-83.761807
2235,PEACH,111003,401 MAIN ST,BYRON,32.654191,-83.761807
2236,PEACH,111004,1000 TULIP DR (BEHIND THE GYM),FORT VALLEY,32.569483,-83.899214
2237,PEACH,111005,6711 PEACH PKWY,BYRON,32.610264,-83.79347
2238,PEACH,111007,195 WILLOW LAKE RD,FORT VALLEY,32.530334,-83.903124
2239,PEACH,111008,10660 MIAMI VALLEY RD,FORT VALLEY,32.552048,-83.792319
2240,PICKENS,112008,389 BENT TREE DR,JASPER,34.466499,-84.360397
2241,PICKENS,112004,339 W CHURCH ST,JASPER,34.464683,-84.435472
2242,PICKENS,112001,600 HILL CIR,JASPER,34.472979,-84.518075
2243,PICKENS,112002,9261 HIGHWAY 53 W,JASPER,34.480337,-84.584801
2244,PICKENS,112003,200 BURNT MOUNTAIN RD,JASPER,34.471872,-84.422966
2245,PICKENS,112005,2681 JERUSALEM CHURCH RD,JASPER,34.444922,-84.576327
2246,PICKENS,112006,30 WILDWOOD LN,TALKING ROCK,34.468658,-84.615741
2247,PICKENS,112007,1985 KENNESAW AVE,NELSON,34.382577,-84.372693
2248,PICKENS,112009,1802 REFUGE RD,JASPER,34.443805,-84.419226
2249,PICKENS,112010,4675 HIGHWAY 136 W,TALKING ROCK,34.50994,-84.505329
2250,PICKENS,112011,5630 HIGHWAY 53 E,TATE,34.416938,-84.379625
2251,PICKENS,112012,1075 YELLOW CREEK RD,BALL GROUND,34.398022,-84.279674
2252,PIERCE,113009,3507 WILLIAMS ST,PATTERSON,31.382258,-82.135679
2253,PIERCE,113009,3507 WILLIAMS ST,PATTERSON,31.382258,-82.135679
2254,PIERCE,113005,705 COLLEGE AV,BLACKSHEAR,31.297262,-82.232674
2255,PIERCE,113005,705 COLLEGE AV,BLACKSHEAR,31.297262,-82.232674
2256,PIERCE,113005,705 COLLEGE AV,BLACKSHEAR,31.297262,-82.232674
2257,PIERCE,113005,705 COLLEGE AV,BLACKSHEAR,31.297262,-82.232674
2258,PIERCE,113005,705 COLLEGE AV,BLACKSHEAR,31.297262,-82.232674
2259,PIERCE,113005,705 COLLEGE AV,BLACKSHEAR,31.297262,-82.232674
2260,PIKE,114003,23 SOCIETY ST.,CONCORD,33.091835,-84.444294
2261,PIKE,114020,518 GA HWY 109,MOLENA,33.022288,-84.436925
2262,PIKE,114005,1585 GRESHAM RD,ZEBULON,33.143457,-84.289356
2263,PIKE,114007,4042 CONCORD RD.,CONCORD,33.139074,-84.464671
2264,PIKE,114008,41 MEANS ST,MEANSVILLE,33.04773,-84.306311
2265,PIKE,114009,10 SPRING RD,MOLENA,33.011666,-84.499927
2266,PIKE,114016,65 PATTON ST,WILLIAMSON,33.184133,-84.360567
2267,PIKE,114004,7218 US HWY. 19,ZEBULON,33.153312,-84.311798
2268,POLK,115001,7 ELM ST,ARAGON,34.046347,-85.057086
2269,POLK,115010,605 LYNTON DRIVE,CEDARTOWN,34.022851,-85.267284
2270,POLK,115007,1890 ROME HWY,CEDARTOWN,34.053582,-85.232441
2271,POLK,115002,100 PINE BOWER RD.,CEDARTOWN,33.961812,-85.304018
2272,POLK,115005,604 GOODYEAR AVE,ROCKMART,34.003017,-85.042478
2273,POLK,115014,15 HENDRIX RD.,ROCKMART,34.003083,-85.153603
2274,POLK,115006,2255 ANTIOCH RD.,CEDARTOWN,33.948694,-85.21545
2275,PULASKI,116003,45 NORTH LUMPKIN ST,HAWKINSVILLE,32.284341,-83.468943
2276,PUTNAM,117011,160 CROOKED CREEK DRIVE SE,EATONTON,33.257651,-83.262453
2277,PUTNAM,117013,1089 GREENSBORO RD,EATONTON,33.43673,-83.265521
2278,PUTNAM,117021,1023 MILLEDGEVILLE RD,MILLEDGEVILLE,33.202369,-83.294572
2279,PUTNAM,117020,117 PUTNAM DR,EATONTON,33.34606,-83.3966
2280,PUTNAM,117015,457 E SUMTER ST.,EATONTON,33.328903,-83.379173
2281,QUITMAN,118002,121 MAIN STREET HWY 82,GEORGETOWN,32.11512,-81.148821
2282,QUITMAN,118003,7 MORRIS STATION RD,MORRIS,31.739792,-84.954095
2283,RABUN,119014,18 OLD RACO HIGH DR.,CLAYTON,34.878682,-83.405067
2284,RANDOLPH,120004,2496 BENEVOLENCE HWY,BENEVOLENCE,0,0
2285,RANDOLPH,120018,2675 BAY ST,COLEMAN,31.673135,-84.889288
2286,RANDOLPH,120011,93 FRONT ST,CUTHBERT,31.766444,-84.787562
2287,RANDOLPH,120007,108 SCHOOL DR,CUTHBERT,31.760306,-84.79337
2288,RANDOLPH,120013,58 PARK AVENUE,SHELLMAN,31.757597,-84.615909
2289,RANDOLPH,120003,4520 US HIGHWAY 82W,MORRIS,0,0
2290,RICHMOND,121001,3185 WHEELER ROAD,AUGUSTA,33.489992,-82.049937
2291,RICHMOND,121002,1305 TROUP STREET,AUGUSTA,33.468298,-82.015046
2292,RICHMOND,121002,1305 TROUP STREET,AUGUSTA,33.468298,-82.015046
2293,RICHMOND,121002,1305 TROUP STREET,AUGUSTA,33.468298,-82.015046
2294,RICHMOND,121003,2028 ROOSEVELT DR,AUGUSTA,33.450729,-82.01187
2295,RICHMOND,121156,3157 DAMASCUS ROAD,AUGUSTA,33.465527,-82.048473
2296,RICHMOND,121156,3157 DAMASCUS ROAD,AUGUSTA,33.465527,-82.048473
2297,RICHMOND,121158,1941 LUMPKIN ROAD,AUGUSTA,33.418305,-82.014893
2298,RICHMOND,121158,1941 LUMPKIN ROAD,AUGUSTA,33.418305,-82.014893
2299,RICHMOND,121008,294 CHURCH ST,BLYTHE,33.298069,-82.206247
2300,RICHMOND,121008,294 CHURCH ST,BLYTHE,33.298069,-82.206247
2301,RICHMOND,121063,2240 BAYVALE ROAD,AUGUSTA,33.449831,-82.051995
2302,RICHMOND,121010,2372 LUMPKIN ROAD,AUGUSTA,33.419782,-82.037572
2303,RICHMOND,121012,3131 WALTON WAY,AUGUSTA,33.483388,-82.054624
2304,RICHMOND,121012,3131 WALTON WAY,AUGUSTA,33.483388,-82.054624
2305,RICHMOND,121013,3855 OLD WAYNESBORO ROAD,AUGUSTA,33.355926,-82.001425
2306,RICHMOND,121020,100 MAGNOLIA DRIVE BUILDING 22-GYM,GRACEWOOD,33.446464,-82.190506
2307,RICHMOND,121016,644 AIKEN STREET,AUGUSTA,33.456266,-81.937134
2308,RICHMOND,121064,3500 WALTON WAY,AUGUSTA,33.484007,-82.074788
2309,RICHMOND,121064,3500 WALTON WAY,AUGUSTA,33.484007,-82.074788
2310,RICHMOND,121064,3500 WALTON WAY,AUGUSTA,33.484007,-82.074788
2311,RICHMOND,121005,1447 JACKSON ROAD,AUGUSTA,33.471599,-82.069018
2312,RICHMOND,121005,1447 JACKSON ROAD,AUGUSTA,33.471599,-82.069018
2313,RICHMOND,121160,2309 TOBACCO ROAD,HEPHZIBAH,33.374957,-82.038906
2314,RICHMOND,121160,2309 TOBACCO ROAD,HEPHZIBAH,33.374957,-82.038906
2315,RICHMOND,121021,2463 GOLDEN CAMP ROAD,AUGUSTA,33.42973,-82.052027
2316,RICHMOND,121059,4977 WINDSOR SPRING ROAD,HEPHZIBAH,33.30574,-82.09556
2317,RICHMOND,121059,4977 WINDSOR SPRING ROAD,HEPHZIBAH,33.30574,-82.09556
2318,RICHMOND,121059,4977 WINDSOR SPRING ROAD,HEPHZIBAH,33.30574,-82.09556
2319,RICHMOND,121025,3647 NEW KARLEEN ROAD,HEPHZIBAH,33.386027,-82.118682
2320,RICHMOND,121025,3647 NEW KARLEEN ROAD,HEPHZIBAH,33.386027,-82.118682
2321,RICHMOND,121025,3647 NEW KARLEEN ROAD,HEPHZIBAH,33.386027,-82.118682
2322,RICHMOND,121028,2200 BROAD STREET,AUGUSTA,33.489444,-82.006249
2323,RICHMOND,121028,2200 BROAD STREET,AUGUSTA,33.489444,-82.006249
2324,RICHMOND,121028,2200 BROAD STREET,AUGUSTA,33.489444,-82.006249
2325,RICHMOND,121011,1833 BROAD STREET,AUGUSTA,33.485748,-81.994911
2326,RICHMOND,121029,622 4TH STREET,AUGUSTA,33.465319,-81.959119
2327,RICHMOND,121029,622 4TH STREET,AUGUSTA,33.465319,-81.959119
2328,RICHMOND,121065,1155 HEPHZIBAH-MCBEAN ROAD,HEPHZIBAH,33.263134,-81.97973
2329,RICHMOND,121162,3431 OLD MCDUFFIE ROAD,AUGUSTA,33.429642,-82.08917
2330,RICHMOND,121069,1850 KISSINGBOWER ROAD,AUGUSTA,33.450384,-82.023306
2331,RICHMOND,121035,1260 WRIGHTSBORO ROAD,AUGUSTA,33.461957,-81.983717
2332,RICHMOND,121035,1260 WRIGHTSBORO ROAD,AUGUSTA,33.461957,-81.983717
2333,RICHMOND,121036,1930 OLIVE ROAD,AUGUSTA,33.445238,-82.004964
2334,RICHMOND,121037,2725 WASHINGTON ROAD,AUGUSTA,33.509801,-82.024851
2335,RICHMOND,121167,3237 DEANS BRIDGE ROAD,AUGUSTA,33.421643,-82.065882
2336,RICHMOND,121018,1255 DRUID PARK AVE,AUGUSTA,33.470194,-81.997843
2337,RICHMOND,121163,4233 OLD WAYNESBORO ROAD,HEPHZIBAH,33.322087,-82.016619
2338,RICHMOND,121163,4233 OLD WAYNESBORO ROAD,HEPHZIBAH,33.322087,-82.016619
2339,RICHMOND,121031,3850 WRIGHTSBORO ROAD,AUGUSTA,33.46958,-82.112679
2340,RICHMOND,121014,4335 WINDSOR SPRING ROAD,HEPHZIBAH,33.356263,-82.086294
2341,RICHMOND,121014,4335 WINDSOR SPRING ROAD,HEPHZIBAH,33.356263,-82.086294
2342,RICHMOND,121168,3434 SHARON ROAD,AUGUSTA,33.45897,-82.079963
2343,RICHMOND,121067,3612 MIKE PADGETT HWY,AUGUSTA,33.3751,-81.998266
2344,RICHMOND,121067,3612 MIKE PADGETT HWY,AUGUSTA,33.3751,-81.998266
2345,RICHMOND,121067,3612 MIKE PADGETT HWY,AUGUSTA,33.3751,-81.998266
2346,RICHMOND,121042,3321 WHEELER ROAD,AUGUSTA,33.490885,-82.059341
2347,RICHMOND,121044,2367 WASHINGTON ROAD,AUGUSTA,33.499571,-82.011363
2348,RICHMOND,121048,3358 PEACH ORCHARD RD,AUGUSTA,33.400451,-82.022999
2349,RICHMOND,121048,3358 PEACH ORCHARD RD,AUGUSTA,33.400451,-82.022999
2350,RICHMOND,121154,2930 GLENN HILLS DRIVE,AUGUSTA,33.428645,-82.069614
2351,RICHMOND,121046,3126 PARRISH ROAD,AUGUSTA,33.517254,-82.058043
2352,RICHMOND,121046,3126 PARRISH ROAD,AUGUSTA,33.517254,-82.058043
2353,RICHMOND,121015,1237 LANEY WALKER BLVD,AUGUSTA,33.466329,-81.980302
2354,RICHMOND,121061,300 WARREN ROAD,AUGUSTA,33.50622,-82.057741
2355,RICHMOND,121061,300 WARREN ROAD,AUGUSTA,33.50622,-82.057741
2356,RICHMOND,121051,3692 WINDSOR SPRING ROAD,HEPHZIBAH,33.378143,-82.070171
2357,RICHMOND,121051,3692 WINDSOR SPRING ROAD,HEPHZIBAH,33.378143,-82.070171
2358,ROCKDALE,122007,"2900 SALEM RD, SE",CONYERS,33.611684,-83.972628
2359,ROCKDALE,122003,921 NORTH MAIN STREET,CONYERS,33.670061,-84.01819
2360,ROCKDALE,122006,"1410 FLAT SHOALS RD, SE",CONYERS,33.638034,-83.998964
2361,ROCKDALE,122004,4550 HIGHWAY 20 SOUTH,CONYERS,33.567138,-84.014474
2362,ROCKDALE,122009,"2460 HIGHWAY 138, NE",CONYERS,33.691936,-83.9643
2363,ROCKDALE,122001,"1400 HIGHWAY 212, SE",CONYERS,33.553272,-84.035907
2364,ROCKDALE,122008,"2987 HIGHWAY 212, SW",CONYERS,33.624205,-84.079934
2365,ROCKDALE,122011,3676 HIGHWAY 20 NE,CONYERS,33.742414,-83.992078
2366,ROCKDALE,122013,2570 OLD COVINGTON HWY,CONYERS,33.694418,-84.072037
2367,ROCKDALE,122014,1295 SMYRNA ROAD,CONYERS,33.656052,-84.051947
2368,ROCKDALE,122002,"1400 PARKER ROAD, SE",CONYERS,33.65239,-84.018619
2369,ROCKDALE,122005,"1400 PARKER ROAD, SE",CONYERS,33.65239,-84.018619
2370,ROCKDALE,122012,"1877 IRIS DR., SE",CONYERS,33.640483,-83.988281
2371,ROCKDALE,122015,2621 HIGHWAY 20 SE,CONYERS,33.619658,-84.015882
2372,ROCKDALE,122010,301 HONEY CREEK ROAD,CONYERS,33.474614,-84.029458
2373,ROCKDALE,122016,3601 UNION CHURCH ROAD,STOCKBRIDGE,33.593807,-84.138147
2374,SCHLEY,123001,49 PECAN STREET,ELLAVILLE,32.239017,-84.310885
2375,SCREVEN,124002,149 MILLERVILLE ROAD,SYLVANIA,32.77237,-81.764444
2376,SCREVEN,124004,6596 STATESBORO HWY,SYLVANIA,32.589375,-81.705371
2377,SCREVEN,124001,2648 SAVANNAH HWY,SYLVANIA,32.708399,-81.593214
2378,SCREVEN,124005,140 2ND AVENUE,HILTONIA,32.883724,-81.661287
2379,SCREVEN,124006,312 HUNTERS ROAD,SYLVANIA,32.654201,-81.551585
2380,SCREVEN,124007,2960 OLD POOR ROBIN ROAD,SYLVANIA,32.707428,-81.504304
2381,SCREVEN,124003,1170 JENK HILL ROAD,SYLVANIA,32.671082,-81.716843
2382,SCREVEN,124014,139 BROAD STREET,NEWINGTON,32.590893,-81.505737
2383,SCREVEN,124010,160 MAIN STREET,ROCKY FORD,32.663217,-81.830911
2384,SCREVEN,124011,1605 MILLEN HIGHWAY,SYLVANIA,32.770244,-81.679551
2385,SCREVEN,124012,209 EAST OGEECHEE STREET,SYLVANIA,32.751077,-81.634955
2386,SCREVEN,124013,216 MIMS ROAD,SYLVANIA,32.751627,-81.644189
2387,SEMINOLE,125001,116 KELLY DRIVE NE,IRON CITY,31.016363,-84.810846
2388,SEMINOLE,125003,100 S WILEY AVE,DONALSONVILLE,31.04291,-84.883077
2389,SEMINOLE,125004,426 FRIENDSHIP AVE,DONALSONVILLE,31.043402,-84.869176
2390,SEMINOLE,125005,7381 HWY 374,DONALSONVILLE,30.851374,-84.851768
2391,SEMINOLE,125006,2996 BARTOW GIBSON HWY,DONALSONVILLE,30.979375,-84.880409
2392,SPALDING,126001,1110 HIGH FALLS RD,GRIFFIN,33.244484,-84.231805
2393,SPALDING,126005,600 CARVER RD,GRIFFIN,33.232365,-84.297134
2394,SPALDING,126006,601-C CAMP NORTHERN RD,GRIFFIN,33.234375,-84.273207
2395,SPALDING,126024,416 COUNTY LINE CHURCH RD,GRIFFIN,33.328794,-84.354512
2396,SPALDING,126023,2567 TEAMON RD,GRIFFIN,33.314533,-84.215359
2397,SPALDING,126007,241 BLANTON AVE,GRIFFIN,33.261213,-84.259059
2398,SPALDING,126008,2000 W MCINTOSH RD,GRIFFIN,33.270258,-84.307597
2399,SPALDING,126010,1349 MACON RD,GRIFFIN,33.223096,-84.240075
2400,SPALDING,126009,1401 MAPLE DRIVE,GRIFFIN,33.216091,-84.251536
2401,SPALDING,126013,1843 N HILL ST,GRIFFIN,33.280041,-84.260647
2402,SPALDING,126013,1843 N HILL ST,GRIFFIN,33.280041,-84.260647
2403,SPALDING,126015,41 LEACH RD,GRIFFIN,33.24002,-84.373162
2404,SPALDING,126015,41 LEACH RD,GRIFFIN,33.24002,-84.373162
2405,SPALDING,126018,841 S MCDONOUGH RD,GRIFFIN,33.222499,-84.190692
2406,SPALDING,126030,501 W BROAD ST.,GRIFFIN,33.250599,-84.270612
2407,SPALDING,126031,885 MEMORIAL DR,GRIFFIN,33.244356,-84.249707
2408,SPALDING,126019,1689 MLK JR PKWY,GRIFFIN,33.197351,-84.28566
2409,SPALDING,126020,5084 ATLANTA RD,GRIFFIN,33.344745,-84.292207
2410,SPALDING,126012,1109 EXPERIMENT ST,GRIFFIN,33.263194,-84.28788
2411,SPALDING,126004,1405 N MCDONOUGH,GRIFFIN,33.284287,-84.192158
2412,STEPHENS,127011,55 ROSE LANE PARK DR,TOCCOA,34.545567,-83.298389
2413,STEWART,128004,1764 BROAD ST,LUMPKIN,32.051039,-84.79457
2414,STEWART,128003,516 OLD LOUVALE ROAD,LOUVALE,32.174875,-84.825402
2415,STEWART,128007,215 SAVANNAH STREET,OMAHA,32.146501,-85.013089
2416,STEWART,128001,890 WALL STREET,RICHLAND,32.085156,-84.667454
2417,SUMTER,129016,408 RUCKER ST,AMERICUS,32.090072,-84.239019
2418,SUMTER,129002,106 N OGLETHORPE ST,ANDERSONVILLE,32.196756,-84.139742
2419,SUMTER,129005,103 W CHURCH ST,PLAINS,32.033836,-84.394526
2420,SUMTER,129007,719 BRICKYARD RD,AMERICUS,32.050107,-84.10909
2421,SUMTER,129006,1996 GA HIGHWAY 30 W,AMERICUS,32.140901,-84.382039
2422,SUMTER,129017,1800 S. LEE ST,AMERICUS,32.04798,-84.220571
2423,SUMTER,129009,173 EAST ALLEN STREET,LESLIE,31.953986,-84.08048
2424,SUMTER,129015,409 ELM AVE,AMERICUS,32.06694,-84.225235
2425,SUMTER,129011,223 AIRPORT RD,AMERICUS,32.106961,-84.182834
2426,SUMTER,129012,000 GA HIGHWAY 308,PLAINS,32.027663,-84.37249
2427,SUMTER,129018,331 HWY 19 S,AMERICUS,32.054816,-84.254721
2428,TALBOT,130001,5824 COLUMBUS HWY / 80W,BOX SPRINGS,32.563353,-84.642777
2429,TALBOT,130014,173 FLINT HILL HWY,SHILOH,32.839755,-84.625936
2430,TALBOT,130006,301 OLD SCHOOL HOUSE RD,GENEVA,32.581728,-84.547812
2431,TALBOT,130003,38 NORTH MAIN ST.,JUNCTION CITY,32.603933,-84.46025
2432,TALBOT,130010,195 ELLERSLIE- HWY 315 W,TALBOTTON,32.672513,-84.609988
2433,TALBOT,130011,40 E. MONROE STREET,TALBOTTON,32.677387,-84.539382
2434,TALBOT,130013,7690 WOODLAND HWY / 41N,WOODLAND,32.784063,-84.560005
2435,TALIAFERRO,131001,145 BARNETT RD,SHARON,33.541154,-82.797742
2436,TALIAFERRO,131002,119 COMMERCE STREET,CRAWFORDVILLE,33.555233,-82.897401
2437,TATTNALL,132016,123 TATTNALL STREET,REIDSVILLE,32.083161,-82.120418
2438,TATTNALL,132001,373 DURDEN ST,COBBTOWN,32.277946,-82.138377
2439,TATTNALL,132015,6019 GA HIGHWAY 169,GLENNVILLE,31.997822,-81.984615
2440,TATTNALL,132004,12540 HENRY ST,MANASSAS,32.16047,-82.01956
2441,TATTNALL,132014,509 NW WILLIAMS STREET,COLLINS,32.180627,-82.113273
2442,TATTNALL,132026,123 TATTNALL ST ROOM B,REIDSVILLE,32.083161,-82.120418
2443,TATTNALL,132006,209 BOLTON ST,GLENNVILLE,31.933451,-81.925616
2444,TATTNALL,132024,809 W BARNARD STREET,GLENNVILLE,31.94899,-81.951729
2445,TAYLOR,133011,42 CEDAR ST,BUTLER,32.556336,-84.242407
2446,TAYLOR,133013,74 W WILLIAM WAINWRIGHT ST,REYNOLDS,32.559875,-84.101058
2447,TAYLOR,133012,7 IVY ST,BUTLER,32.556525,-84.236384
2448,TELFAIR,134002,15 PINE ST,SCOTLAND,32.046281,-82.819944
2449,TELFAIR,134003,7 S FORSYTH AVE,MCRAE HELENA,32.067947,-82.918155
2450,TELFAIR,134004,70 E DOGWOOD DRIVE,JACKSONVILLE,31.81292,-82.975177
2451,TELFAIR,134010,33 MAIN ST,LUMBER CITY,31.931036,-82.684558
2452,TELFAIR,134006,6 FIRST AVENUE,MILAN,32.020791,-83.061928
2453,TELFAIR,134008,408 E. OAK STREET,MCRAE,32.065284,-82.891436
2454,TERRELL,135001,102 W MAIN ST,BRONWOOD,31.823207,-84.378245
2455,TERRELL,135002,142 E. MAIN ST,PARROTT,31.894466,-84.508333
2456,TERRELL,135003,955 FORRESTER DR,DAWSON,31.759887,-84.436901
2457,TERRELL,135004,4197 GRAVES HWY,DAWSON,31.769707,-84.517973
2458,TERRELL,135006,1960 HEROD DOVER RD,DAWSON,31.700883,-84.514914
2459,TERRELL,135007,118 E MAIN ST,SASSER,31.719927,-84.348123
2460,THOMAS,136001,2090 CEDAR ST,BARWICK,30.890497,-83.741395
2461,THOMAS,136006,3065 S PINE ST,COOLIDGE,31.008012,-83.867351
2462,THOMAS,136006,3065 S PINE ST,COOLIDGE,31.008012,-83.867351
2463,THOMAS,136007,214 ALEXANDER ST,THOMASVILLE,30.839008,-83.995101
2464,THOMAS,136009,1750 S PINETREE BLVD,THOMASVILLE,30.812093,-83.975014
2465,THOMAS,136010,2031 GATLIN CREEK RD,THOMASVILLE,30.852152,-83.903287
2466,THOMAS,136011,110 BARTOW ST,THOMASVILLE,30.830303,-83.984
2467,THOMAS,136008,7856 GA HIGHWAY 188,OCHLOCKNEE,30.977156,-83.994466
2468,THOMAS,136015,2013 E DEPOT ST,MEIGS,31.072328,-84.090446
2469,THOMAS,136017,1050 MITCHELL ST,METCALF,30.701143,-83.989357
2470,THOMAS,136018,48 PATTERSON STILL SPUR E,THOMASVILLE,30.875838,-83.956752
2471,THOMAS,136019,5024 SPENCE ST,OCHLOCKNEE,30.975575,-84.060246
2472,THOMAS,136035,522 STONE ST.,BOSTON,30.798661,-83.791694
2473,THOMAS,136021,1010 E HARRIS ST,PAVO,30.959795,-83.741632
2474,THOMAS,136021,1010 E HARRIS ST,PAVO,30.959795,-83.741632
2475,THOMAS,136013,201 N MADISON STREET,THOMASVILLE,30.838263,-83.982605
2476,THOMAS,136022,201 N MADISON STREET,THOMASVILLE,30.838263,-83.982605
2477,THOMAS,136005,200 N PINETREE BLVD,THOMASVILLE,30.857653,-83.953125
2478,THOMAS,136004,1202 REMINGTON AVE,THOMASVILLE,30.849772,-83.953023
2479,THOMAS,136023,501 VARNEDOE ST,THOMASVILLE,30.816212,-83.988487
2480,TIFT,137001,983 LOWER BROOKFIELD RD,BROOKFIELD,31.418524,-83.392328
2481,TIFT,137002,3380 US HIGHWAY 41 N,CHULA,31.551118,-83.549387
2482,TIFT,137003,14 DOCIA RD,TIFTON,31.405975,-83.609327
2483,TIFT,137004,4145 US HIGHWAY 41 S,TIFTON,31.355945,-83.485369
2484,TIFT,137005,869 HAROLD TYSON RD,TIFTON,31.516695,-83.425735
2485,TIFT,137006,315 2ND STREET WEST,TIFTON,31.456963,-83.51568
2486,TIFT,137007,2425 EMERSON O BYNES AVE,TIFTON,31.440118,-83.509559
2487,TIFT,137008,2731 S CENTRAL AVE,TIFTON,31.437237,-83.516368
2488,TIFT,137009,222 CHESNUTT AVE BLDG B,TIFTON,31.454755,-83.505892
2489,TIFT,137010,5471 ALABAMA AVE,OMEGA,31.341275,-83.59216
2490,TIFT,137011,1400 KENNEDY ROAD,TIFTON,31.466387,-83.492457
2491,TIFT,137012,141 E ELMAN ST,TY TY,31.474627,-83.647447
2492,TOOMBS,138013,5174 GA HWY 178,LYONS,32.08311,-82.252395
2493,TOOMBS,138014,2926 CEDAR CROSSING RD,UVALDA,32.028096,-82.4087
2494,TOOMBS,138001,100 BRINSON RD,VIDALIA,32.223431,-82.424969
2495,TOOMBS,138002,168 MIOT DR,LYONS,32.196632,-82.323681
2496,TOOMBS,138006,302 E 1ST ST.,VIDALIA,32.216391,-82.407662
2497,TOWNS,139011,1675 US HIGHWAY 76 EAST,HIAWASSEE,34.942247,-83.7492
2498,TOWNS,139009,67 LAKEVIEW CIRCLE,HIAWASSEE,34.946223,-83.756888
2499,TOWNS,139012,135 MURPHY STREET,YOUNG HARRIS ,34.93419,-83.849188
2500,TREUTLEN,140002,650 SECOND STREET,SOPERTON,32.376781,-82.592581
2501,TREUTLEN,140007,585 SECOND ST,SOPERTON,32.376418,-82.593784
2502,TROUP,141001,900 DALLIS STREET,LAGRANGE,33.027026,-85.047203
2503,TROUP,141004,100 NORTH DAVIS RD,LAGRANGE,33.063005,-84.986526
2504,TROUP,141017,2918 ROANOKE RD,LAGRANGE,33.033983,-85.10304
2505,TROUP,141003,552 HAMMETT RD,LAGRANGE,33.072562,-84.999372
2506,TROUP,141002,3731 WEST POINT RD,LAGRANGE,33.001637,-85.118047
2507,TROUP,141006,716 GLENN ROBERTSON ST,LAGRANGE,33.02721,-85.015111
2508,TROUP,141007,3116 ROBERT HAYES RD,LAGRANGE,33.122731,-85.038758
2509,TROUP,141008,310 JOHNSON ST,HOGANSVILLE,33.178138,-84.911614
2510,TROUP,141009,641 COUNTRY CLUB RD,LAGRANGE,33.055569,-85.05646
2511,TROUP,141010,200 MOOTY BRIDGE RD,LAGRANGE,33.053588,-85.030442
2512,TROUP,141005,3600 BARTLEY RD,WEST POINT,32.925951,-85.082344
2513,TROUP,141015,2495 HAMILTON RD,LAGRANGE,32.989486,-85.00217
2514,TROUP,141016,1920 HAMILTON RD,LAGRANGE,33.000322,-85.01624
2515,TROUP,141013,1122 O G SKINNER DR.,WEST POINT,32.873035,-85.173583
2516,TURNER,142001,1807 US HIGHWAY 41 N,SYCAMORE,31.678138,-83.639038
2517,TURNER,142002,354 LAMAR ST.,ASHBURN,31.706029,-83.640972
2518,TURNER,142004,91 N. RAILROAD STREET,REBECCA,31.807434,-83.488424
2519,TWIGGS,143003,169 SECOND ST,DANVILLE,32.605362,-83.24582
2520,TWIGGS,143005,5328 OLD GORDON ROAD,DRY BRANCH,32.807463,-83.471965
2521,TWIGGS,143008,16956 HIGHWAY 129,MACON,32.71017,-83.544909
2522,TWIGGS,143002,400 BULLARD RD,JEFFERSONVILLE,32.68695,-83.357821
2523,TWIGGS,143010,409 MISSLE BASE RD,JEFFERSONVILLE,32.628612,-83.359717
2524,UNION,144003,14 WALDROUP RD,BLAIRSVILLE,34.820963,-83.903145
2525,UNION,144004,179 MOCCASIN RD,BLAIRSVILLE,34.964917,-84.055095
2526,UNION,144005,80 FIREWATER LN,SUCHES,34.693036,-84.02316
2527,UNION,144006,5484 GUMLOG RD,BLAIRSVILLE,34.867512,-83.967636
2528,UNION,144007,165 WELLBORN STREET,BLAIRSVILLE,34.877828,-83.95565
2529,UNION,144008,30 JOHN SMITH RD,BLAIRSVILLE,34.954301,-84.111464
2530,UNION,144009,15 JONES CREEK RD,BLAIRSVILLE,34.841426,-84.089972
2531,UNION,144010,36 LINDSAY LN,BLAIRSVILLE,34.908695,-83.870009
2532,UNION,144002,1034 COLLINS RD,BLAIRSVILLE,34.799116,-83.889698
2533,UNION,144011,1520 PAT COLWELL RD,BLAIRSVILLE,34.887726,-84.01144
2534,UNION,144012,114 WILLIE HUTSON RD,BLAIRSVILLE,34.826143,-84.017462
2535,UPSON,145001,101 CIVIC CENTER DRIVE,THOMASTON,32.885903,-84.314618
2536,UPSON,145005,1165 HANNAHS MILL ROAD,THOMASTON,32.920542,-84.348335
2537,UPSON,145006,1349 HIGHWAY 80,CULLODEN,32.752797,-84.183895
2538,UPSON,145010,10 EMPIRE STREET,YATESVILLE,32.912966,-84.142238
2539,WALKER,146007,11471 E HIGHWAY 136,LA FAYETTE,34.679364,-85.126521
2540,WALKER,146003,2853 CHATTANOOGA VALLEY RD,FLINTSTONE,34.941949,-85.343542
2541,WALKER,146004,1817 LEE CLARKSON RD,CHICKAMAUGA,34.869001,-85.293195
2542,WALKER,146009,98 MEMORIAL DR,ROSSVILLE,34.952928,-85.26939
2543,WALKER,146017,265 BICENTENNIAL TRAIL,ROCK SPRING,34.810019,-85.246168
2544,WALKER,146010,1371 W. COVE RD,CHICKAMAUGA,34.752734,-85.412243
2545,WALKER,146025,636 S MAIN STREET,LA FAYETTE,34.6959,-85.278634
2546,WALKER,146013,1300 LULA LAKE ROAD,LOOKOUT MOUNTAIN,34.97587,-85.358587
2547,WALKER,146015,5981 HIGHWAY 157,RISING FAWN,34.856963,-85.414891
2548,WALKER,146018,400 MCFARLAND AVE,ROSSVILLE,34.981376,-85.288356
2549,WALKER,146029,55 WALNUT GROVE RD,LA FAYETTE,34.641583,-85.288754
2550,WALTON,147001,4635 ATLANTA HWY,LOGANVILLE,33.833735,-83.89118
2551,WALTON,147022,327 GEORGIA HIGHWAY 11 S,MONROE,33.997113,-83.707749
2552,WALTON,147004,7625 BOLD SPRINGS CH RD,MONROE,33.913933,-83.818903
2553,WALTON,147010,2940 GRATIS RD NW,MONROE,33.882568,-83.66525
2554,WALTON,147006,6372 HWY 20 SW,LOGANVILLE,33.790131,-83.953769
2555,WALTON,147007,1635 HWY 81 SW,LOGANVILLE,33.774363,-83.851287
2556,WALTON,147024,150 BAKER ST,MONROE,33.799388,-83.699936
2557,WALTON,147009,169 S HIGHWAY 83,GOOD HOPE,33.783391,-83.607571
2558,WALTON,147011,125 MAIN ST,JERSEY,33.717534,-83.799799
2559,WALTON,147012,132 CHURCH ST,LOGANVILLE,33.840093,-83.897093
2560,WALTON,147013,101 GENERATION BLVD,LOGANVILLE,33.825149,-83.876909
2561,WALTON,147034,628 CAMP LAKE RD,MONROE,33.781172,-83.769523
2562,WALTON,147023,201 W SPRING ST,MONROE,33.79383,-83.715029
2563,WALTON,147015,206 N BROAD ST,MONROE,33.796381,-83.713187
2564,WALTON,147008,154 ALCOVA DR,SOCIAL CIRCLE,33.657764,-83.733257
2565,WALTON,147031,3275 TIG KNIGHT RD,LOGANVILLE,33.814783,-83.874
2566,WALTON,147017,1857 HIGHWAY 78,MONROE,33.809116,-83.790669
2567,WALTON,147018,2625 PANNELL RD,MONROE,33.736428,-83.649822
2568,WALTON,147019,1021 PARK ST,LOGANVILLE,33.747554,-83.8574
2569,WALTON,147005,1820 HIGHWAY 11,MONROE,33.837187,-83.732517
2570,WALTON,147021,842 HWY 78E,MONROE,33.788322,-83.701264
2571,WARE,148009,4650 MANOR MILLWOOD RD SOUTH,MANOR,31.104852,-82.57452
2572,WARE,148001,8040 OLD NICHOLLS HWY,NICHOLLS,31.407248,-82.602927
2573,WARE,148021,865 PENDLETON STREET,WAYCROSS,31.216124,-82.359069
2574,WARE,148024,865 PENDLETON STREET,WAYCROSS,31.216124,-82.359069
2575,WARE,148005,1001 ARIZONA AVE,WAYCROSS,31.190896,-82.394473
2576,WARE,148004,6775 GENE SMITH BENNETT,WAYCROSS,31.352783,-82.434687
2577,WARE,148008,3800 ABC AVENUE,WAYCROSS,31.264759,-82.380341
2578,WARE,148010,715 DEWEY STREET,WAYCROSS,31.211154,-82.344689
2579,WARE,148011,8008 ALBANY HIGHWAY,MILLWOOD,31.267939,-82.654748
2580,WARE,148006,301 TOMBERLIN ROAD,WAYCROSS,31.204088,-82.308412
2581,WARE,148025,1870 W WACONA DR,WAYCROSS,31.249321,-82.377915
2582,WARE,148014,4311 RAILROAD AVENUE,WAYCROSS,31.247487,-82.474559
2583,WARREN,149004,48 WARREN STREET,WARRENTON,33.233853,-82.59529
2584,WASHINGTON,150006,208 S. MAIN ST,DAVISBORO,32.978828,-82.608444
2585,WASHINGTON,150010,8940 DEEPSTEP RD,SANDERSVILLE,33.016866,-82.960237
2586,WASHINGTON,150001,316 E SOUTH CENTRAL AVE,TENNILLE,32.936645,-82.808584
2587,WASHINGTON,150007,40 N. RAILROAD AVE.,HARRISON,32.826771,-82.725791
2588,WASHINGTON,150011,144 FAIRBANKS ST,OCONEE,32.857267,-82.955582
2589,WASHINGTON,150012,10310 GA HIGHWAY 231,RIDDLEVILLE,32.910891,-82.663148
2590,WASHINGTON,150002,178 WARTHEN LN,WARTHEN,33.104281,-82.80302
2591,WASHINGTON,150013,200 FRANKLIN HAYNES BLVD,SANDERSVILLE,32.974982,-82.840564
2592,WAYNE,151021,497 W PINE ST,JESUP,31.610482,-81.884621
2593,WAYNE,151021,497 W PINE ST,JESUP,31.610482,-81.884621
2594,WAYNE,151014,1472 LANES BRIDGE RD,JESUP,31.635508,-81.901205
2595,WAYNE,151014,1472 LANES BRIDGE RD,JESUP,31.635508,-81.901205
2596,WAYNE,151004,90 GARDI RD,JESUP,31.537823,-81.799988
2597,WAYNE,151007,7200 ODUM HIWAY,ODUM,31.668158,-82.045828
2598,WAYNE,151007,7200 ODUM HIWAY,ODUM,31.668158,-82.045828
2599,WAYNE,151008,245 E BAY ST,JESUP,31.600612,-81.883459
2600,WAYNE,151008,245 E BAY ST,JESUP,31.600612,-81.883459
2601,WAYNE,151010,501 BILL ROYAL STREET,SCREVEN,31.48755,-82.022395
2602,WAYNE,151003,1580 S SUNSET BLVD,JESUP,31.596493,-81.912092
2603,WAYNE,151003,1580 S SUNSET BLVD,JESUP,31.596493,-81.912092
2604,WEBSTER,152010,40 CEMETERY ROAD,PRESTON,32.072751,-84.522455
2605,WHEELER,153003,16 W FOREST AVE,ALAMO,32.147834,-82.784002
2606,WHEELER,153005,96 NW THIRD AVENUE,GLENWOOD GA,32.181368,-82.671082
2607,WHITE,154001,"2496 HWY 255, S",CLEVELAND,34.61351,-83.685228
2608,WHITE,154002,109 ELROD ROAD,HELEN,34.712363,-83.742575
2609,WHITE,154004,25 CHURCH STREET,CLEVELAND,34.600137,-83.762844
2610,WHITE,154013,25 ALPENROSEN STRASSE,HELEN,34.699663,-83.725439
2611,WHITE,154014,2154 POST ROAD,CLEVELAND,34.551515,-83.726039
2612,WHITE,154005,986 MT PLEASANT CHURCH RD,CLEVELAND,34.638218,-83.839186
2613,WHITE,154012,882 ASBESTPS ROAD,CLEVELAND,34.642685,-83.754492
2614,WHITE,154008,"283 HWY 255, N",SAUTEE,0,0
2615,WHITE,154009,1342 HWY 254,CLEVELAND,34.567426,-83.660817
2616,WHITE,154010,142 SHOAL CRK CH ROAD,CLEVELAND,34.686598,-83.534734
2617,WHITE,154011,664 TOWN CREEK CHURCH RD,DAHLONEGA,34.599476,-83.86217
2618,WHITFIELD,155002,"394 CARBONDALE RD., SW",DALTON,34.645728,-84.993609
2619,WHITFIELD,155005,300 WEST WAUGH STREET,DALTON,34.774328,-84.970662
2620,WHITFIELD,155004,110 WINDWALKER DR,COHUTTA,34.960859,-84.950856
2621,WHITFIELD,155006,904 CIVIC DR.,DALTON,34.784232,-84.960717
2622,WHITFIELD,155003,302 CAPPES STREET,DALTON,34.77392,-84.97815
2623,WHITFIELD,155008,"1409 DAWNVILLE ROAD, NE",DALTON,34.815804,-84.890848
2624,WHITFIELD,155007,2206 MT. HAVEN DR. RM 105,DALTON,34.779836,-85.00249
2625,WHITFIELD,155010,2031 DUG GAP RD.,DALTON,34.733893,-84.998423
2626,WHITFIELD,155042,700 HILL ROAD,DALTON,34.746447,-84.927601
2627,WHITFIELD,155043,1399 LAFAYETTE RD,ROCKY FACE,34.760984,-85.089105
2628,WHITFIELD,155009,8347 HIGHWAY 2,DALTON,34.906847,-84.88022
2629,WHITFIELD,155013,218 N. FREDRICK ST.,DALTON,34.773334,-84.957935
2630,WHITFIELD,155012,1773 MILL CREEK RD.,ROCKY FACE,34.731925,-85.04169
2631,WHITFIELD,155014,"4021 AIRPORT RD., SE",DALTON,34.733205,-84.892044
2632,WHITFIELD,155015,2701 CLEVELAND RD.,DALTON,34.829096,-84.94403
2633,WHITFIELD,155016,2809 E. WALNUT AVE.,DALTON,34.769729,-84.925035
2634,WHITFIELD,155011,1448 PLEASANT GROVE DR NE,DALTON,34.816925,-84.935952
2635,WHITFIELD,155017,"1154 TILTON RD., SE",DALTON,34.648789,-84.932154
2636,WHITFIELD,155018,215 CLISBY AUSTIN ROAD,TUNNEL HILL,34.839849,-85.042058
2637,WHITFIELD,155020,3855 KEITH VALLEY RD,DALTON,34.958819,-84.881681
2638,WHITFIELD,155021,422 RURITAN DRIVE,VARNELL,34.895549,-84.939757
2639,WHITFIELD,155023,1306 S. THORNTON AVE.,DALTON,34.750379,-84.969827
2640,WHITFIELD,155022,538 LAFAYETTE RD,ROCKY FACE,34.787285,-85.047795
2641,WILCOX,156014,420 MAIN ST W,ABBEVILLE,31.991987,-83.310516
2642,WILCOX,156015,420 MAIN ST W,ABBEVILLE,31.991987,-83.310516
2643,WILCOX,156016,630 COUNTY FARM RD,ROCHELLE,31.951028,-83.436654
2644,WILCOX,156002,630 COUNTY FARM RD,ROCHELLE,31.951028,-83.436654
2645,WILCOX,156013,115 N DEPOT ST,PINEVIEW,32.110478,-83.501339
2646,WILCOX,156010,159 8TH ST. S,PITTS,31.942105,-83.540584
2647,WILKES,157001,23 COURT ST,WASHINGTON,33.738263,-82.739049
2648,WILKES,157002,48 LEXINGTON AVENUE,WASHINGTON,33.738966,-82.753732
2649,WILKES,157003,3474 METASVILLE RD,WASHINGTON,33.766008,-82.603166
2650,WILKES,157004,4880 LEXINGTON ROAD,WASHINGTON,33.796654,-82.912736
2651,WILKES,157005,104 MARSHAL ST,WASHINGTON,33.728182,-82.744646
2652,WILKES,157006,199 INDEPENDENCE ST,TIGNALL,33.877978,-82.756
2653,WILKES,157007,313D N. ALEXANDER AVE,WASHINGTON,33.740538,-82.735522
2654,WILKINSON,158001,1475 ALLEN AVENUE,ALLENTOWN,32.593642,-83.226333
2655,WILKINSON,158007,22367 U. S. HWY 441,MCINTYRE,32.861691,-83.190973
2656,WILKINSON,158008,155 OWENS RD,IVEY,32.894925,-83.300706
2657,WILKINSON,158006,2194 US HIGHWAY 441 S,IRWINTON,32.685943,-83.084667
2658,WILKINSON,158009,108 ELAM ST,GORDON,32.884649,-83.334676
2659,WILKINSON,158017,207 W MAIN STREET,IRWINTON,32.812855,-83.187826
2660,WILKINSON,158011,127 HIGH HILL ST,IRWINTON,32.813891,-83.169832
2661,WILKINSON,158012,4630 STUCKEY RD,DANVILLE,32.699886,-83.192554
2662,WILKINSON,158015,151 MAIN ST,TOOMSBORO,32.817812,-83.17001
2663,WORTH,159001,4004 GA HWY 33 S,DOERUN,31.371421,-83.855136
2664,WORTH,159025,103 ELDRIDGE ST.,SYLVESTER,31.542547,-83.836735
2665,WORTH,159003,000 SR 112 CR 218,BRIDGEBORO,31.404974,-83.975062
2666,WORTH,159005,103 GA HWY 32 E,SYLVESTER,31.70317,-83.884716
2667,WORTH,159007,701 W WALLACE ST,SYLVESTER,31.536739,-83.846326
2668,WORTH,159010,111 DOGWOOD ST SW,WARWICK ,31.827815,-83.922526
2669,WORTH,159004,3245 US HIGHWAY 82 WEST,SYLVESTER,31.54999,-83.911704
2670,WORTH,159011,204 S HUNTON ST,POULAN,31.512201,-83.790033
2671,WORTH,159012,1404 RED ROCK RD,SYLVESTER,31.583942,-83.937834
2672,WORTH,159013,000 GA HWY 256,SUMNER,31.481811,-83.727288
2673,WORTH,159014,126 SHINGLER LITTLE RIVER RD,POULAN,31.580643,-83.783208
2674,WORTH,159022,702 WALNUT ST,SUMNER,31.510491,-83.734626
2675,WORTH,159016,6104 WILLOW/BIRCH RD,ALBANY,31.52139,-83.988029
2676,WORTH,159017,111 DOGWOOD ST SW,WARWICK,31.827815,-83.922526
2677,WORTH,159009,102 REBECCA DRIVE,SYLVESTER,31.557403,-83.845457
